{
    "test_loss": [
        0.23851278424263,
        0.2516877730858737,
        0.24087971551664944,
        0.23974879856767325,
        0.2570939714024807
    ],
    "test_acc": [
        0.9033330863919752,
        0.8978336802844343,
        0.9037604044223654,
        0.904837990629262,
        0.9033330863919752
    ],
    "model_0": {
        "time": [
            108.30798029899597,
            111.41529965400696,
            110.4641809463501,
            111.63652539253235,
            110.5482017993927,
            110.38683605194092,
            110.83418083190918,
            110.62188053131104
        ],
        "train_loss": [
            0.3539825324499931,
            0.27785772489084637,
            0.2396370765072694,
            0.21385161038922446,
            0.19604709447684837,
            0.1823287092009318,
            0.17084996336154215,
            0.16320812131804197
        ],
        "val_loss": [
            0.2873368657061032,
            0.28212539851665497,
            0.25073233033929554,
            0.4125401739563261,
            0.26784496009349823,
            0.3024600808109556,
            0.26196195610931944,
            0.2934959562761443
        ],
        "train_acc": [
            0.8442559909326425,
            0.8840307334312503,
            0.9021456907141394,
            0.9153115747814969,
            0.9229929990332979,
            0.9296012406136088,
            0.9338106032789062,
            0.9366846317763156
        ],
        "val_acc": [
            0.880357142005648,
            0.8986607151372092,
            0.9125000025544848,
            0.8671875,
            0.9069196454116276,
            0.8986607151372092,
            0.8997767865657806,
            0.9091517882687705
        ]
    },
    "model_1": {
        "time": [
            111.86522626876831,
            112.72522807121277,
            111.14207434654236,
            111.04479813575745,
            110.79717803001404,
            110.88950514793396
        ],
        "train_loss": [
            0.356311901530415,
            0.27620473083764935,
            0.23995604142160612,
            0.21386822454216334,
            0.19465202490022224,
            0.1814054978186255
        ],
        "val_loss": [
            0.2487505174108914,
            0.2492028166140829,
            0.34229000764233725,
            0.28451940204416004,
            0.31727014588458197,
            0.30056830389159067
        ],
        "train_acc": [
            0.8423814150104251,
            0.8845921424000375,
            0.9015635601751545,
            0.9139704578435482,
            0.923185275587702,
            0.9291964478674948
        ],
        "val_acc": [
            0.9040178571428571,
            0.908035716840199,
            0.8883928571428571,
            0.9029017857142857,
            0.8850446428571429,
            0.8995535714285714
        ]
    },
    "model_2": {
        "time": [
            110.56176495552063,
            110.57687306404114,
            109.93977570533752,
            110.59769654273987,
            110.17219281196594,
            110.47998881340027,
            110.65707588195801,
            110.21005415916443
        ],
        "train_loss": [
            0.3579571467578179,
            0.27534583847911864,
            0.24034247296461786,
            0.21323163899318,
            0.19310367449760976,
            0.1794766611419618,
            0.16963807127674935,
            0.1588539529755866
        ],
        "val_loss": [
            0.27073194086551666,
            0.29022011905908585,
            0.27022504593644825,
            0.2739807111876352,
            0.2966986671090126,
            0.2903974247830255,
            0.291948530290808,
            0.32277646022183554
        ],
        "train_acc": [
            0.8405757502416255,
            0.8839700145193332,
            0.9013712836207504,
            0.9149515983585866,
            0.9241312376652975,
            0.9299091722217866,
            0.9337397645483363,
            0.9381520054809788
        ],
        "val_acc": [
            0.8895089285714286,
            0.8973214285714286,
            0.9069196454116276,
            0.8879464311259133,
            0.8988839302744184,
            0.9029017857142857,
            0.9044642874172756,
            0.8991071454116276
        ]
    },
    "model_3": {
        "time": [
            110.47304773330688,
            109.0953209400177,
            110.49363660812378,
            109.94486165046692,
            111.06164526939392,
            110.77148818969727,
            110.84613871574402,
            110.52704095840454
        ],
        "train_loss": [
            0.3573706699873036,
            0.279108732943592,
            0.24478468849984783,
            0.21835408082299437,
            0.19661364070299067,
            0.18307675405555052,
            0.1742930627654794,
            0.16508898448797396
        ],
        "val_loss": [
            0.27680596496377674,
            0.28973619426999775,
            0.25409180351666044,
            0.2621494989309992,
            0.28843986988067627,
            0.257242100579398,
            0.2788290562374251,
            0.3263280157532011
        ],
        "train_acc": [
            0.8410870420114364,
            0.8824727632529995,
            0.8993926181462762,
            0.9127613804809788,
            0.9228609594965228,
            0.9271016454063549,
            0.9323586502300643,
            0.9359049238457581
        ],
        "val_acc": [
            0.8917410714285714,
            0.8957589311259133,
            0.9125000025544848,
            0.9098214294229235,
            0.8941964294229235,
            0.908705357994352,
            0.9020089294229235,
            0.8819196437086377
        ]
    },
    "model_4": {
        "time": [
            109.95028591156006,
            109.98671889305115,
            109.82503890991211,
            109.75192928314209,
            110.70875072479248,
            110.7233419418335,
            111.16518521308899,
            110.68032145500183,
            110.814688205719
        ],
        "train_loss": [
            0.3586393090235214,
            0.2780026270153841,
            0.244554706574104,
            0.2142293434758994,
            0.19576033475504792,
            0.18257541733267935,
            0.17145799414056878,
            0.16196502231838364,
            0.15651466981556092
        ],
        "val_loss": [
            0.26615198275872637,
            0.314666177545275,
            0.2678133600524494,
            0.26232790095465525,
            0.30285422929695677,
            0.2723520355565207,
            0.3557498518909727,
            0.3525254343237196,
            0.38065107805388315
        ],
        "train_acc": [
            0.8412036608923902,
            0.8833175271440664,
            0.8997169342374555,
            0.9138750424270803,
            0.9222026893897995,
            0.9281083263958674,
            0.9328140420694425,
            0.9372055614704913,
            0.9401350080426493
        ],
        "val_acc": [
            0.8988839302744184,
            0.8745535739830562,
            0.8962053571428571,
            0.9051339285714286,
            0.884598216840199,
            0.9029017857142857,
            0.8805803571428571,
            0.8968750025544848,
            0.8921875017029899
        ]
    },
    "num_param": 112241922
}