{
    "test_loss": [
        0.1991057730067874,
        0.19448434201347858,
        0.19426482086977387,
        0.1931340406598795,
        0.193166443530251
    ],
    "test_acc": [
        0.9214753836317136,
        0.9256473785776007,
        0.9235453963889491,
        0.9225383632628205,
        0.9233296036415393
    ],
    "model_0": {
        "time": [
            346.1756122112274,
            350.31836771965027,
            348.63173604011536,
            351.09669256210327,
            349.7463643550873,
            349.7892117500305,
            349.5648121833801,
            348.14530205726624
        ],
        "train_loss": [
            0.4386697950222614,
            0.2513275041075593,
            0.2224038627040996,
            0.19906897643919697,
            0.17406746208540758,
            0.1483423561016521,
            0.12769751435420898,
            0.10624812431739304
        ],
        "val_loss": [
            0.23429032918065787,
            0.21411730851978064,
            0.2043298279866576,
            0.21644258499145508,
            0.2105754311196506,
            0.21586603838950397,
            0.22120380774140358,
            0.25191955371992664
        ],
        "train_acc": [
            0.7832968355241147,
            0.9022944286804307,
            0.9133670690723441,
            0.9243903883140195,
            0.9343335701322014,
            0.9463778409090909,
            0.95263671875,
            0.9621212121776559
        ],
        "val_acc": [
            0.90703125,
            0.912890625,
            0.921875,
            0.92109375,
            0.926953125,
            0.927734375,
            0.92578125,
            0.92421875
        ]
    },
    "model_1": {
        "time": [
            350.1487638950348,
            349.8411297798157,
            348.7494776248932,
            351.9762907028198,
            347.08530950546265,
            348.20778131484985,
            348.4326581954956,
            348.45988392829895,
            349.89749574661255
        ],
        "train_loss": [
            0.40217990114946256,
            0.2496165398889306,
            0.21957461755003102,
            0.19652702232865107,
            0.17046673420224,
            0.15379161245337772,
            0.12033123892086389,
            0.10253807721363212,
            0.08878269706143659
        ],
        "val_loss": [
            0.22384303510189058,
            0.26138725043274463,
            0.20112451524473726,
            0.19737995825707913,
            0.2033000046387315,
            0.23540892386808993,
            0.250130324793281,
            0.29808902157237754,
            0.27441055719973517
        ],
        "train_acc": [
            0.808766374703158,
            0.9025952888822014,
            0.9137567076832056,
            0.9246221985667944,
            0.9362768309021537,
            0.942358151924881,
            0.9574850062755021,
            0.9630237926136364,
            0.968315972184593
        ],
        "val_acc": [
            0.9125,
            0.89609375,
            0.919921875,
            0.9265625,
            0.920703125,
            0.91796875,
            0.925,
            0.915234375,
            0.916796875
        ]
    },
    "model_2": {
        "time": [
            349.2088918685913,
            352.05295848846436,
            348.99062156677246,
            351.1208927631378,
            349.05630683898926,
            349.7894535064697,
            350.7910180091858,
            349.45474886894226
        ],
        "train_loss": [
            0.4001026783900505,
            0.2570545200089162,
            0.2247051622041247,
            0.19702655029356142,
            0.173334557086822,
            0.15238894613205708,
            0.12581992886473678,
            0.10275326034752652
        ],
        "val_loss": [
            0.2233044813387096,
            0.2515585004817694,
            0.19181776186451316,
            0.1944332618266344,
            0.21983812898397445,
            0.20370796620845794,
            0.23133790369611235,
            0.2707875877385959
        ],
        "train_acc": [
            0.8137527619573203,
            0.897579308768565,
            0.9131155303594741,
            0.925347222184593,
            0.9345209911804307,
            0.942846433174881,
            0.9555220170454546,
            0.9618252840909091
        ],
        "val_acc": [
            0.908984375,
            0.898828125,
            0.925,
            0.921875,
            0.912109375,
            0.9265625,
            0.9203125,
            0.912890625
        ]
    },
    "model_3": {
        "time": [
            349.1267943382263,
            351.29706358909607,
            349.8334393501282,
            349.64086961746216,
            348.5710072517395,
            347.76731038093567,
            347.48247742652893,
            347.39945936203003,
            348.58277225494385,
            349.6268298625946
        ],
        "train_loss": [
            0.3997394474519586,
            0.2558773774442009,
            0.223374721551822,
            0.20037744315976108,
            0.18102118429008193,
            0.15354242225558581,
            0.13044405457648364,
            0.10307913881313818,
            0.09623027787826934,
            0.0773748413729746
        ],
        "val_loss": [
            0.229205022752285,
            0.22400723341852427,
            0.22197860637679695,
            0.1951781946234405,
            0.1943790249992162,
            0.20219752716366202,
            0.22331455752719193,
            0.2659614978823811,
            0.27745132377021947,
            0.27776794734527355
        ],
        "train_acc": [
            0.8122287326577035,
            0.9011304451322014,
            0.9129823627458378,
            0.9239563604986126,
            0.9309846511618658,
            0.9417712278664112,
            0.9524690261618658,
            0.9616033380681818,
            0.9663825758140195,
            0.9735440340909091
        ],
        "val_acc": [
            0.90546875,
            0.91328125,
            0.90625,
            0.9203125,
            0.921875,
            0.927734375,
            0.91875,
            0.921875,
            0.926171875,
            0.9203125
        ]
    },
    "model_4": {
        "time": [
            349.0348916053772,
            347.7209575176239,
            347.5837914943695,
            346.7194344997406,
            348.4169747829437,
            346.56032490730286,
            348.2354679107666,
            349.7162528038025
        ],
        "train_loss": [
            0.4143949675119736,
            0.2556024602064016,
            0.2298543961845677,
            0.19755438055885446,
            0.17344533372670412,
            0.1532665159690871,
            0.12968097797552633,
            0.10547249646994962
        ],
        "val_loss": [
            0.23082426935434341,
            0.24315712917596102,
            0.19860593536868693,
            0.20245540123432876,
            0.2055055526550859,
            0.2145555965602398,
            0.2393306122161448,
            0.24154315439518542
        ],
        "train_acc": [
            0.8041301689703356,
            0.8977716619318182,
            0.9085335780612447,
            0.9244249132885174,
            0.935601128434593,
            0.9427823153409091,
            0.9527107008140195,
            0.9623234295709566
        ],
        "val_acc": [
            0.9046875,
            0.8984375,
            0.92421875,
            0.92265625,
            0.92109375,
            0.920703125,
            0.9046875,
            0.9265625
        ]
    },
    "num_param": 112241922
}