{
    "test_loss": [
        0.23752515390515327,
        0.25631893472746015,
        0.2332108234986663,
        0.24155806633643806,
        0.29802747908979654
    ],
    "test_acc": [
        0.9215745255351067,
        0.8990384638309479,
        0.9274339005351067,
        0.9337439984083176,
        0.8981370255351067
    ],
    "model_0": {
        "time": [
            1.7423081398010254,
            1.7419958114624023,
            1.7895052433013916,
            1.6069705486297607,
            1.8184449672698975,
            1.6925716400146484,
            1.8790326118469238,
            1.7800369262695312,
            1.4684398174285889,
            1.8267946243286133,
            1.621290683746338,
            1.7117063999176025,
            1.8077309131622314
        ],
        "train_loss": [
            1.0867683848777374,
            0.625549070246808,
            0.5136962945198084,
            0.4461188167333603,
            0.3737186112187125,
            0.32476147544848455,
            0.28974773686427574,
            0.2576396283391234,
            0.2054775371760517,
            0.1870502456055059,
            0.14869650758125566,
            0.14902693304148587,
            0.11390782616935767
        ],
        "val_loss": [
            0.6796817911995782,
            0.5217878023783366,
            0.40963493453131783,
            0.3998093075222439,
            0.3491477221250534,
            0.3524022665288713,
            0.37968578106827205,
            0.3203888254033195,
            0.32381399472554523,
            0.3841313636965222,
            0.3416544646024704,
            0.3561086869902081,
            0.33732859459188247
        ],
        "train_acc": [
            0.5956989960236982,
            0.779348195373238,
            0.8124197752444775,
            0.8411450471196856,
            0.8691199785703189,
            0.8808847402597403,
            0.8910497202501668,
            0.9005729006482409,
            0.9250320900570262,
            0.9337530198035302,
            0.9443049678554782,
            0.9490759968757629,
            0.9607416561671666
        ],
        "val_acc": [
            0.7599431806140475,
            0.8097643123732673,
            0.8563236527972751,
            0.8388573262426589,
            0.8735795484648811,
            0.8771569861306084,
            0.8564288748635186,
            0.8908354441324869,
            0.885837541686164,
            0.8753156595759921,
            0.8892045484648811,
            0.877262208196852,
            0.8856271107991537
        ]
    },
    "model_1": {
        "time": [
            1.724273681640625,
            1.765293836593628,
            1.8285565376281738,
            1.6530027389526367,
            1.7835981845855713,
            1.737095594406128,
            1.9234259128570557,
            1.7584679126739502,
            1.7653963565826416,
            1.6327579021453857,
            1.7054171562194824,
            1.91510009765625,
            1.9789023399353027,
            1.8104197978973389,
            1.8040075302124023,
            1.643437385559082
        ],
        "train_loss": [
            1.0805882548356984,
            0.6206184288898071,
            0.49988322946932406,
            0.42581827106413905,
            0.36153396654438663,
            0.32199646967959095,
            0.28952106930218735,
            0.24402926301027272,
            0.22199536579382884,
            0.17589358366155006,
            0.16719767838329463,
            0.14593967330920232,
            0.12946562265807932,
            0.09630751723496171,
            0.1048366172698798,
            0.08729260143908588
        ],
        "val_loss": [
            0.5969404975573221,
            0.5038635631402334,
            0.4168633487489488,
            0.38022903932465446,
            0.39186522364616394,
            0.34198321733209824,
            0.377160229616695,
            0.3259637869066662,
            0.35167019731468624,
            0.36021027631229824,
            0.3154052032364739,
            0.34948422345850205,
            0.3884098049667146,
            0.4129444890552097,
            0.33762280146280926,
            0.3715785609351264
        ],
        "train_acc": [
            0.5936933709429456,
            0.7742704245951268,
            0.8183092343342768,
            0.8415320144071208,
            0.8678127829130594,
            0.8811018196019259,
            0.8955989503241205,
            0.9096100121349483,
            0.9177268952518315,
            0.9403456279209682,
            0.9409543941547345,
            0.948967456817627,
            0.9543472512975916,
            0.9667302176549837,
            0.9636816668820072,
            0.9690567425319127
        ],
        "val_acc": [
            0.7942445278167725,
            0.8095538748635186,
            0.8579545484648811,
            0.8701073262426589,
            0.8632680972417196,
            0.863373319307963,
            0.8562184373537699,
            0.8788930972417196,
            0.8754208750194974,
            0.8857323262426589,
            0.878998319307963,
            0.8890993330213759,
            0.8875736527972751,
            0.8807344304190742,
            0.8960437774658203,
            0.8978851040204366
        ]
    },
    "model_2": {
        "time": [
            1.8166391849517822,
            1.744126796722412,
            1.587918996810913,
            1.752671241760254,
            1.830787181854248,
            1.9917216300964355,
            1.802940845489502,
            1.6399729251861572,
            1.8346071243286133,
            1.9977965354919434,
            1.8739795684814453,
            1.6420047283172607,
            1.678765058517456,
            1.9236719608306885,
            1.8781652450561523
        ],
        "train_loss": [
            1.0704434529527442,
            0.6326711816447121,
            0.5141046202027952,
            0.4239700603020656,
            0.3794066166722929,
            0.3406901969151063,
            0.2851139984347604,
            0.26014176059465904,
            0.2130840209784446,
            0.17719630505163947,
            0.1662658422508023,
            0.1509268411084429,
            0.12653946982962744,
            0.10841969748983135,
            0.09279257213914549
        ],
        "val_loss": [
            0.6079755127429962,
            0.4850022594134013,
            0.4148583345943027,
            0.3555754903290007,
            0.34558383458190495,
            0.34849485589398277,
            0.34647829830646515,
            0.3187238077322642,
            0.3221407002872891,
            0.31221353345447117,
            0.3172810475031535,
            0.36146869096491074,
            0.35592592921521926,
            0.354246500465605,
            0.31439996262391406
        ],
        "train_acc": [
            0.6028059875810301,
            0.7645301648548671,
            0.8078422306419967,
            0.8444814635561658,
            0.859285336810273,
            0.8743062894065659,
            0.8962124353879458,
            0.9025030198035302,
            0.9217806172061276,
            0.9367921321423023,
            0.9385287676538739,
            0.9469429548684652,
            0.960637835713176,
            0.9629690801942503,
            0.967433365908536
        ],
        "val_acc": [
            0.7682028611501058,
            0.8320180972417196,
            0.8579545484648811,
            0.8752104441324869,
            0.8838909996880425,
            0.8770517706871033,
            0.8770517706871033,
            0.8944128817982144,
            0.878998319307963,
            0.8960437774658203,
            0.8960437774658203,
            0.8925715552435981,
            0.8892045484648811,
            0.8926767706871033,
            0.9081965552435981
        ]
    },