{
    "test_loss": [
        0.22867740109524765,
        0.23155554789868768,
        0.2417540339672047,
        0.2343919174864774,
        0.22820310431825536
    ],
    "test_acc": [
        0.9078724425467078,
        0.910398017872325,
        0.9031010230483911,
        0.9069053709049664,
        0.9084558823834294
    ],
    "model_0": {
        "time": [
            40.92734742164612,
            41.397549867630005,
            41.64312434196472,
            41.79434514045715,
            42.00836634635925,
            42.091808557510376,
            42.48793959617615,
            42.25857853889465,
            42.2784743309021,
            42.72700786590576,
            42.331682205200195,
            42.14772891998291,
            42.06844878196716,
            41.9161217212677,
            42.14278793334961,
            42.18915510177612
        ],
        "train_loss": [
            0.60651780504056,
            0.5283946242945438,
            0.35767791559919715,
            0.3132356825199994,
            0.29145377137782896,
            0.2713493775915016,
            0.25392441622997547,
            0.24071432436308401,
            0.22471169198185884,
            0.20696339646184986,
            0.1904165533434769,
            0.17616889547471973,
            0.1636013286611573,
            0.1518515981627967,
            0.13784761842742393,
            0.12019094759175046
        ],
        "val_loss": [
            0.49424084424972536,
            0.36722481101751325,
            0.30703371949493885,
            0.28338043447583916,
            0.2739205460995436,
            0.24847274725325405,
            0.23323206813074648,
            0.24225244112312794,
            0.238078192807734,
            0.24041752063203603,
            0.22770349846687168,
            0.23173633143305777,
            0.23877944494597614,
            0.2419180150143802,
            0.25427463396044914,
            0.28220008289208637
        ],
        "train_acc": [
            0.6710562658580866,
            0.7309866241094741,
            0.8450866082513874,
            0.8699100378223441,
            0.877614030953158,
            0.8885041824118658,
            0.8972093986177986,
            0.9014608980241147,
            0.9085335780612447,
            0.9155224116349762,
            0.9239021070640195,
            0.9291301689703356,
            0.935610992833972,
            0.9403261127458378,
            0.9466195155612447,
            0.9534653172912922
        ],
        "val_acc": [
            0.758203125,
            0.848046875,
            0.875,
            0.8796875,
            0.88671875,
            0.8984375,
            0.89765625,
            0.90078125,
            0.899609375,
            0.903125,
            0.905078125,
            0.908984375,
            0.90859375,
            0.90859375,
            0.9109375,
            0.907421875
        ]
    },
    "model_1": {
        "time": [
            41.764771938323975,
            41.91287302970886,
            41.956254959106445,
            41.90564727783203,
            41.731037616729736,
            42.211416482925415,
            41.36827516555786,
            41.57605957984924,
            41.58821749687195,
            41.58777904510498,
            41.56850814819336,
            41.890260219573975,
            41.720738649368286,
            41.40913009643555,
            41.731757402420044,
            41.52192568778992,
            41.93632221221924,
            41.921870708465576
        ],
        "train_loss": [
            0.5908898121084679,
            0.5253626462918791,
            0.40025681676343083,
            0.34134058307178994,
            0.3081064286472445,
            0.29166952753439546,
            0.26915556835857307,
            0.25928879711268976,
            0.23711690873923627,
            0.22653237463567744,
            0.21536140773572365,
            0.20126667390154165,
            0.18428709138904445,
            0.17375014469408515,
            0.16388936655130237,
            0.14858036354946141,
            0.1361471653534946,
            0.12488809912677178
        ],
        "val_loss": [
            0.44322442412376406,
            0.6262039102613925,
            0.3776974992826581,
            0.3062032853253186,
            0.2796021438203752,
            0.2732269991189241,
            0.2852057693526149,
            0.2437741155270487,
            0.269167435541749,
            0.23441642429679632,
            0.23504338366910815,
            0.2296982802450657,
            0.22418347313068807,
            0.23162370845675467,
            0.2313711158465594,
            0.2598598510492593,
            0.24350518037099392,
            0.2488972257822752
        ],
        "train_acc": [
            0.6831843829290434,
            0.7365747317671776,
            0.8276613794944503,
            0.8598484849049286,
            0.8741319445385174,
            0.881638652221723,
            0.8915966303849762,
            0.8963166824118658,
            0.9054214014587078,
            0.908267242833972,
            0.9129379735412922,
            0.9195075758140195,
            0.9264766809276559,
            0.9323163272982294,
            0.9353298610922965,
            0.9418452099304307,
            0.9458205098794266,
            0.9505898832258853
        ],
        "val_acc": [
            0.809375,
            0.655859375,
            0.85234375,
            0.876953125,
            0.88515625,
            0.891015625,
            0.8875,
            0.902734375,
            0.886328125,
            0.90625,
            0.9046875,
            0.908203125,
            0.908203125,
            0.91171875,
            0.908984375,
            0.90703125,
            0.915625,
            0.9078125
        ]
    },
    "model_2": {
        "time": [
            41.40785527229309,
            41.20430541038513,
            41.208205223083496,
            41.38198447227478,
            41.33987736701965,
            41.36134147644043,
            41.683098793029785,
            41.26575183868408,
            41.86820340156555,
            41.097052574157715,
            41.26128363609314,
            41.798996925354004,
            41.878379583358765,
            41.3976993560791,
            41.48122811317444
        ],
        "train_loss": [
            0.6306375812061809,
            0.5487931754694066,
            0.35903400248339906,
            0.3217168405271051,
            0.30307147690010344,
            0.28524726680056617,
            0.26589586052366276,
            0.25486884134906257,
            0.24522978458976882,
            0.23524710284122688,
            0.2197974493981085,
            0.2007739135085351,
            0.19585353129712696,
            0.17566922660493714,
            0.1647227638697421
        ],
        "val_loss": [
            0.5306360073387623,
            0.3482656283304095,
            0.3184385310858488,
            0.30352602191269396,
            0.2856453964486718,
            0.2714922375977039,
            0.253918934520334,
            0.2528737193904817,
            0.2600991611368954,
            0.24336353042162956,
            0.25398034797981384,
            0.25933499401435256,
            0.24424569504335522,
            0.2496552119962871,
            0.2827256458811462
        ],
        "train_acc": [
            0.647288312796842,
            0.715159406546842,
            0.8485095091164112,
            0.8664180871776559,
            0.8729383681308139,
            0.8837397411804307,
            0.8911428741094741,
            0.8956705729731105,
            0.9011649701066993,
            0.906422624703158,
            0.911685211583972,
            0.9208096590909091,
            0.921159840612249,
            0.931813249703158,
            0.9366319445385174
        ],