{
    "test_loss": [
        0.2486981456167996,
        0.273227084428072,
        0.23068339633755386,
        0.23719503032043576,
        0.24703088938258588
    ],
    "test_acc": [
        0.9044471234083176,
        0.9039964005351067,
        0.9118089005351067,
        0.9137620255351067,
        0.9098557755351067
    ],
    "model_0": {
        "time": [
            0.2429342269897461,
            0.2231311798095703,
            0.21628975868225098,
            0.23572063446044922,
            0.2172994613647461,
            0.2022080421447754,
            0.20864272117614746,
            0.2032334804534912,
            0.20225238800048828,
            0.20337581634521484,
            0.20105314254760742
        ],
        "train_loss": [
            1.0483568759707662,
            0.5141595002118643,
            0.3525171951427088,
            0.25973076208845364,
            0.1945195947955181,
            0.14664178627071442,
            0.10641369151024076,
            0.0874127002989317,
            0.07259465725003898,
            0.06052597046091959,
            0.04818845727759135
        ],
        "val_loss": [
            0.595061202843984,
            0.4281741612487369,
            0.36870524452792275,
            0.34413882593313855,
            0.35267555879222023,
            0.31964797112676835,
            0.3389684822824266,
            0.32691683537430233,
            0.32908180190457237,
            0.3306563976738188,
            0.3443125519487593
        ],
        "train_acc": [
            0.6269442764195529,
            0.8271292657047123,
            0.8856699257702022,
            0.916509362784299,
            0.942775974025974,
            0.959519404869575,
            0.9740306928560332,
            0.9789999243500945,
            0.9855925324675324,
            0.985696352921523,
            0.990972326947497
        ],
        "val_acc": [
            0.8181292083528307,
            0.854587541686164,
            0.8719486527972751,
            0.8719486527972751,
            0.8736847639083862,
            0.8943076663547092,
            0.8806292083528307,
            0.8944128817982144,
            0.885837541686164,
            0.8807344304190742,
            0.8807344304190742
        ]
    },
    "model_1": {
        "time": [
            0.21224689483642578,
            0.2444746494293213,
            0.217970609664917,
            0.2143869400024414,
            0.21960115432739258,
            0.2150118350982666,
            0.21019387245178223,
            0.20488929748535156,
            0.20901751518249512,
            0.2271876335144043,
            0.20564866065979004,
            0.20450067520141602,
            0.20169305801391602,
            0.201951265335083
        ],
        "train_loss": [
            1.0531714628269147,
            0.5085797615639576,
            0.348545707471959,
            0.25041730198767276,
            0.1863780665126714,
            0.14157853788369662,
            0.10634388852042037,
            0.09073096465367775,
            0.06895986975884283,
            0.05582042839136216,
            0.04357818314539535,
            0.03847085355551212,
            0.03463946167960182,
            0.02814868467484976
        ],
        "val_loss": [
            0.5832061072190603,
            0.4174771375126309,
            0.3705123547050688,
            0.345854992667834,
            0.32212962541315293,
            0.31465794642766315,
            0.34595244295067257,
            0.31262754731708103,
            0.3058363480700387,
            0.3190547625223796,
            0.3308257742060555,
            0.3241579284270604,
            0.3289647516277101,
            0.3454652511411243
        ],
        "train_acc": [
            0.6180345818593904,
            0.8279362351863415,
            0.8853631832382896,
            0.9232010717515822,
            0.944002944927711,
            0.9619591886346991,
            0.9727140587645692,
            0.9766686798690202,
            0.9862012987012987,
            0.9888440045443448,
            0.9919869373371075,
            0.9932044698046399,
            0.9945211038961039,
            0.9955357142857143
        ],
        "val_acc": [
            0.8062920901510451,
            0.8632680972417196,
            0.8701073262426589,
            0.8771569861306084,
            0.8909406595759921,
            0.8876788748635186,
            0.8806292083528307,
            0.8842066526412964,
            0.892887208196852,
            0.8910458750194974,
            0.8841014305750529,
            0.8876788748635186,
            0.8894149859746298,
            0.8859427637524075
        ]
    },
    "model_2": {
        "time": [
            0.21268939971923828,
            0.21892023086547852,
            0.21081328392028809,
            0.3038821220397949,
            0.24495410919189453,
            0.2060680389404297,
            0.20609354972839355,
            0.21632695198059082,
            0.21705937385559082,
            0.20649242401123047,
            0.20055174827575684,
            0.20377898216247559,
            0.20180344581604004
        ],
        "train_loss": [
            1.06926120411266,
            0.5139435982549345,
            0.35587554570142327,
            0.25617266146393564,
            0.1916065247995513,
            0.14529956674033945,
            0.1074340988385987,
            0.08646540808213221,
            0.06755029511722652,
            0.05933713426740913,
            0.05215168023457775,
            0.04414822810704445,
            0.040813840381414085
        ],
        "val_loss": [
            0.5919184386730194,
            0.44249258438746136,
            0.3687261740366618,
            0.34135851595136857,
            0.3493812680244446,
            0.34221966399086845,
            0.32374776071972317,
            0.31787372132142383,
            0.3191019544998805,
            0.32819195091724396,
            0.3335723645157284,
            0.3674238473176956,
            0.3439450330204434
        ],
        "train_acc": [
            0.6197523405025531,
            0.8246847631095292,
            0.8821164299915363,
            0.9198552176549837,
            0.9434932795437899,
            0.9591182795437899,
            0.974025974025974,
            0.9787970022721724,
            0.985696352921523,
            0.9887401840903542,
            0.9890422077922078,
            0.9885372620124322,
            0.9921898594150296
        ],
        "val_acc": [
            0.8163930972417196,
            0.8476430972417196,
            0.8754208750194974,
            0.8806292083528307,
            0.8720538748635186,
            0.8737899859746298,
            0.8892045484648811,
            0.8978851040204366,
            0.8824705415301852,
            0.8927819861306084,
            0.885837541686164,
            0.8892045484648811,
            0.885837541686164
        ]
    },
    "model_3": {
        "time": [
            0.2106306552886963,
            0.22049355506896973,
            0.21101069450378418,
            0.2138369083404541,
            0.21128439903259277,
            0.21067142486572266,
            0.20593023300170898,
            0.20555949211120605,
            0.21080708503723145,
            0.20931363105773926,
            0.20694732666015625,
            0.2044360637664795,
            0.2102041244506836,
            0.2020702362060547
        ],
        "train_loss": [
            1.0683357630457198,
            0.5129420873406646,
            0.35013169205033934,
            0.2528871671332941,
            0.19786127366415865,
            0.14281240018544258,
            0.10996066193495478,
            0.09652439025895936,
            0.07459453778801026,
            0.05800997346107449,
            0.05022141909492867,
            0.040322937833314594,
            0.04095463862328173,
            0.030665337761210932
        ],