{
    "test_loss": [
        0.2853117541355245,
        0.3028100432108735,
        0.28905083800253967,
        0.28325901717862206,
        0.287151663790426
    ],
    "test_acc": [
        0.8787164322250639,
        0.8804267902508416,
        0.8782528772988283,
        0.8802349744245525,
        0.8789961636828645
    ],
    "model_0": {
        "time": [
            32.84643745422363,
            32.99323272705078,
            32.81215858459473,
            32.87538456916809,
            32.80828833580017,
            32.540334939956665,
            32.68039393424988,
            32.52678203582764,
            32.683959007263184
        ],
        "train_loss": [
            0.6179546133869074,
            0.4550527993758971,
            0.37721708412705496,
            0.30659076491032133,
            0.22971873165277595,
            0.15552989881358703,
            0.10843855568038469,
            0.07218713060137816,
            0.05245768387711988
        ],
        "val_loss": [
            0.407367898337543,
            0.3784680627286434,
            0.30725676054134965,
            0.28122084522619845,
            0.3232842857425567,
            0.30314522357657553,
            0.30938179361401125,
            0.3554345084477973,
            0.39307671239694175
        ],
        "train_acc": [
            0.6847380050881342,
            0.7852302320640195,
            0.832322245971723,
            0.8725290008905259,
            0.9072462911294266,
            0.939571496268565,
            0.9601582229476083,
            0.9739534011618658,
            0.9818004261363636
        ],
        "val_acc": [
            0.824609375,
            0.83125,
            0.867578125,
            0.88203125,
            0.8625,
            0.883984375,
            0.891015625,
            0.885546875,
            0.883984375
        ]
    },
    "model_1": {
        "time": [
            32.7694308757782,
            32.98719906806946,
            33.088348388671875,
            32.49778699874878,
            32.82786417007446,
            32.54265093803406,
            32.69418811798096,
            32.73430371284485,
            32.75671076774597,
            32.62801909446716,
            32.78176140785217
        ],
        "train_loss": [
            0.6163890480317853,
            0.45459451797333633,
            0.3806711646982215,
            0.30805759551003575,
            0.22186470628631386,
            0.15624707519732925,
            0.10594199418979273,
            0.07961385668022558,
            0.056591850239783525,
            0.0419579466040225,
            0.037170294736411466
        ],
        "val_loss": [
            0.410059304907918,
            0.34674455150961875,
            0.31216107234358786,
            0.3035849314532243,
            0.2984053521649912,
            0.2784671522676945,
            0.36803730893880127,
            0.36367555663964596,
            0.3790461684344336,
            0.42218377526005496,
            0.454095732519454
        ],
        "train_acc": [
            0.6862373738126322,
            0.7856494633650238,
            0.8310694838450714,
            0.8672318892045454,
            0.9109503235667944,
            0.9389500474049286,
            0.9597389914772727,
            0.97021484375,
            0.9800248579545454,
            0.9846068102527749,
            0.9873490767045454
        ],
        "val_acc": [
            0.8203125,
            0.852734375,
            0.86796875,
            0.866015625,
            0.875,
            0.891796875,
            0.875390625,
            0.880859375,
            0.88515625,
            0.884765625,
            0.88359375
        ]
    },
    "model_2": {
        "time": [
            32.70075249671936,
            32.91399669647217,
            33.368908405303955,
            32.43302631378174,
            32.543230056762695,
            32.55173587799072,
            32.40444779396057,
            32.40247058868408,
            32.22740054130554,
            32.58780527114868
        ],
        "train_loss": [
            0.6120474726300348,
            0.45636618099260057,
            0.3825618006627668,
            0.30998953931372275,
            0.22881659836804663,
            0.15718747382263906,
            0.10870833276368846,
            0.07187052200738848,
            0.050771124201922,
            0.04065395706427146
        ],
        "val_loss": [
            0.434228253364563,
            0.34793380592018364,
            0.3108683696016669,
            0.28765253415331243,
            0.279557466506958,
            0.29564481758279726,
            0.3167835028783884,
            0.354759017797187,
            0.39843882955610754,
            0.4300895695956569
        ],
        "train_acc": [
            0.687065972184593,
            0.7818862452087078,
            0.8322729246521537,
            0.8688545613126322,
            0.9067333491349762,
            0.9394728536294266,
            0.9599806661294266,
            0.9736426767300476,
            0.982421875,
            0.9855389835482294
        ],
        "val_acc": [
            0.795703125,
            0.8578125,
            0.86640625,
            0.87734375,
            0.881640625,
            0.887109375,
            0.883984375,
            0.887109375,
            0.880859375,
            0.879296875
        ]
    },
    "model_3": {
        "time": [
            32.29417085647583,
            32.43167972564697,
            32.684903144836426,
            32.42987632751465,
            32.67582988739014,
            32.398197174072266,
            32.46155381202698,
            32.515172719955444,
            32.332215785980225,
            32.50485587120056
        ],
        "train_loss": [
            0.6221002041446891,
            0.4526808991689574,
            0.37372682031921367,
            0.3010513683442365,
            0.22996805563823067,
            0.154712850026871,
            0.10407563374610618,
            0.06944228744197806,
            0.052232667641047476,
            0.04403391769995902
        ],
        "val_loss": [
            0.41016443334519864,
            0.3462087418884039,
            0.3183608762919903,
            0.2824103378225118,
            0.2714256020728499,
            0.31393565916223454,
            0.31761156139255037,
            0.34448082650778816,
            0.42139994191256847,
            0.4349027771069814
        ],
        "train_acc": [
            0.6798699889332056,
            0.7884065261618658,
            0.8344430633905259,
            0.8710740215399049,
            0.9084349352527749,
            0.9396504104476083,
            0.9613024778664112,
            0.9750631312755021,
            0.9811345880681818,
            0.9837091619318182
        ],
        "val_acc": [
            0.821484375,
            0.85703125,
            0.86875,
            0.880859375,
            0.887890625,
            0.88359375,
            0.887109375,
            0.89140625,
            0.884375,
            0.88671875
        ]
    },
    "model_4": {
        "time": [
            32.27284860610962,
            32.538543939590454,
            32.234249114990234,
            32.56419563293457,
            32.63806104660034,
            32.404213428497314,
            32.374147176742554,
            32.53669190406799,
            32.387341260910034,
            32.29512095451355
        ],
        "train_loss": [
            0.6114562317221002,
            0.4577884501354261,
            0.38340266374871135,
            0.29573031375184655,
            0.22104384995658288,
            0.1604216584766453,
            0.1073165765370835,
            0.07496729567223652,
            0.050933528514261445,
            0.045095059570568
        ],