{
    "test_loss": [
        0.5279843961370403,
        0.5041758952469662,
        0.5180106779624676,
        0.5208295460405021,
        0.48159728173551886
    ],
    "test_acc": [
        0.760961651802063,
        0.786507877810248,
        0.7833865922072838,
        0.7920072818624562,
        0.7964105236119238
    ],
    "model_0": {
        "time": [
            30.3192036151886,
            30.335342168807983,
            32.56870245933533,
            30.341245412826538,
            30.33823800086975,
            30.37032437324524
        ],
        "train_loss": [
            0.4167717338245304,
            0.224459810867674,
            0.16601748446996656,
            0.1361122018786707,
            0.11872389910554446,
            0.10348045047724841
        ],
        "val_loss": [
            0.5277302754776818,
            0.7563992355551038,
            0.6948467088597161,
            0.8570761127131326,
            0.687493275318827,
            0.8800579394612994
        ],
        "train_acc": [
            0.8067461602737249,
            0.9146894468621887,
            0.9404747447896498,
            0.9519501372476934,
            0.9585737995224296,
            0.9647420699191834
        ],
        "val_acc": [
            0.7716517874172756,
            0.744642857994352,
            0.7763392882687705,
            0.763169642005648,
            0.7970982151372092,
            0.7745535714285714
        ]
    },
    "model_1": {
        "time": [
            48.76893639564514,
            42.41225337982178,
            31.27646541595459,
            30.5646390914917,
            31.282481908798218,
            40.079203367233276,
            53.55281710624695
        ],
        "train_loss": [
            0.4165294777042199,
            0.2236380343581188,
            0.1644853808256011,
            0.13589088838677757,
            0.1177546684437195,
            0.10273117965589147,
            0.09477301092017346
        ],
        "val_loss": [
            0.6135167628526688,
            0.4728430850165231,
            0.6148776369435447,
            0.5023945229394096,
            0.6253758030278342,
            0.5577058813401631,
            0.658735854285104
        ],
        "train_acc": [
            0.8072569701492478,
            0.9152855523741307,
            0.9395890197296835,
            0.9515665479274611,
            0.9588219760072664,
            0.9640640420694425,
            0.968547121732655
        ],
        "val_acc": [
            0.7357142865657806,
            0.8037946437086377,
            0.7870535722800663,
            0.8296875017029899,
            0.8089285705770765,
            0.8216517865657806,
            0.8031250025544848
        ]
    },
    "model_2": {
        "time": [
            54.09950804710388,
            54.15438890457153,
            37.709070682525635,
            30.906922578811646,
            31.63446044921875,
            40.22688889503479,
            48.2428195476532
        ],
        "train_loss": [
            0.4181393927127277,
            0.22332065252809172,
            0.16654674147516296,
            0.13449460173199446,
            0.11658877268924565,
            0.10402407484832389,
            0.09500802158293015
        ],
        "val_loss": [
            0.49470094059194836,
            0.48681509494781494,
            0.6071082587753024,
            0.5832040182181767,
            0.6574104407003948,
            0.8130012708050864,
            0.6768861391714641
        ],
        "train_acc": [
            0.8050498858943504,
            0.9160093603742555,
            0.9397706945711467,
            0.9526392487046632,
            0.9592677299222798,
            0.9645199158031088,
            0.9682338892487047
        ],
        "val_acc": [
            0.7747767865657806,
            0.8049107151372092,
            0.7930803596973419,
            0.7926339294229235,
            0.8004464294229235,
            0.7845982142857143,
            0.8098214311259133
        ]
    },
    "model_3": {
        "time": [
            48.10333824157715,
            48.83057904243469,
            46.45710229873657,
            49.17005133628845,
            48.748416900634766,
            48.42754817008972,
            48.851834297180176
        ],
        "train_loss": [
            0.4201687790569246,
            0.22232447363860866,
            0.1656216593191433,
            0.13526936898664257,
            0.11770344734278754,
            0.1045689599994459,
            0.09576908155728055
        ],
        "val_loss": [
            0.5342466703483036,
            0.5226533029760633,
            0.6764972869838987,
            0.6188108835901532,
            0.5985621809959412,
            0.7142162301710674,
            1.178696530205863
        ],
        "train_acc": [
            0.805187226306898,
            0.9151751981575255,
            0.9388758134424995,
            0.9524609471618203,
            0.959090392168013,
            0.9638057457659529,
            0.9678488542456083
        ],
        "val_acc": [
            0.7537946445601327,
            0.7861607159887042,
            0.7667410714285714,
            0.7904017865657806,
            0.8129464302744184,
            0.7988839277199337,
            0.7526785731315613
        ]
    },
    "model_4": {
        "time": [
            48.43430805206299,
            48.78380537033081,
            48.56025815010071,
            48.93586707115173,
            48.16040802001953,
            48.81423091888428,
            48.51897215843201
        ],
        "train_loss": [
            0.41688839675269906,
            0.2223849954792911,
            0.1652519715686903,
            0.13665707267994553,
            0.11875134027367602,
            0.10214690442909993,
            0.09376811800998698
        ],
        "val_loss": [
            0.5507309223924365,
            0.4678798147610256,
            0.6334529178483146,
            0.6022400451557977,
            0.587945037654468,
            1.023379841021129,
            0.7444624943392617
        ],
        "train_acc": [
            0.8073528674986078,
            0.9148561829421187,
            0.9403581259473001,
            0.9522185534084399,
            0.9582856256186654,
            0.964236560880829,
            0.9683697839783881
        ],
        "val_acc": [
            0.7560267874172756,
            0.8129464302744184,
            0.7765624991485051,
            0.8060267865657806,
            0.8145089277199337,
            0.7718750025544848,
            0.7988839277199337
        ]
    },
    "num_param": 10503902
}