{
    "test_loss": [
        0.37032795414842407,
        0.36631887791485623,
        0.35275891680141974,
        0.3667830701532035,
        0.3877707714664525
    ],
    "test_acc": [
        0.8338101958406383,
        0.8414647743619722,
        0.8464253853107321,
        0.8375817475647762,
        0.8340331439314217
    ],
    "model_0": {
        "time": [
            20.384732961654663,
            20.46528959274292,
            20.43777108192444,
            20.466013431549072,
            20.48244833946228,
            20.442753076553345
        ],
        "train_loss": [
            0.243377333456274,
            0.1439288683969122,
            0.10680502376680798,
            0.08449357597506002,
            0.07132133505553842,
            0.06125017839174481
        ],
        "val_loss": [
            0.439346045255661,
            0.48633195034095217,
            0.5083724611571857,
            0.6111824895654406,
            0.6217267300401416,
            0.6584276471819196
        ],
        "train_acc": [
            0.9047821444010488,
            0.9481503863099943,
            0.9607394407141394,
            0.9701764125357638,
            0.974608893105712,
            0.9789811366580311
        ],
        "val_acc": [
            0.8225446428571429,
            0.8337053571428571,
            0.8404017857142857,
            0.8314732142857143,
            0.8292410714285714,
            0.8359375
        ]
    },
    "model_1": {
        "time": [
            20.54217290878296,
            20.51789116859436,
            20.42489528656006,
            20.54740881919861,
            20.48647928237915,
            20.510183095932007
        ],
        "train_loss": [
            0.24427378784208872,
            0.14300312841711615,
            0.1071109076795395,
            0.0848763228731575,
            0.07144678163992414,
            0.06150381897869906
        ],
        "val_loss": [
            0.41221705824136734,
            0.45727099903992247,
            0.5069876334496907,
            0.5634023930345263,
            0.5755207442811557,
            0.6728099371705737
        ],
        "train_acc": [
            0.9055661894188026,
            0.9478067943700854,
            0.9619292422279793,
            0.9695089863989638,
            0.9744672156445721,
            0.9780192719917223
        ],
        "val_acc": [
            0.8410714311259133,
            0.835267858845847,
            0.8426339285714286,
            0.8218750017029899,
            0.8399553596973419,
            0.819642858845847
        ]
    },
    "model_2": {
        "time": [
            20.5421245098114,
            20.458998203277588,
            20.46163845062256,
            20.465221881866455,
            20.40101718902588,
            20.51551914215088
        ],
        "train_loss": [
            0.24542547702557682,
            0.144312680178983,
            0.10703782281184501,
            0.08549511312552935,
            0.07117113330639137,
            0.06192010929987469
        ],
        "val_loss": [
            0.40535710752010345,
            0.4700133076735905,
            0.5475792012044362,
            0.5869261856589999,
            0.6831124680382865,
            0.72849583200046
        ],
        "train_acc": [
            0.903926778797041,
            0.9469870890592046,
            0.9611904954663213,
            0.9693774287564767,
            0.9747255119866658,
            0.9781715511658031
        ],
        "val_acc": [
            0.8433035739830562,
            0.8370535714285714,
            0.8241071445601327,
            0.8209821454116276,
            0.8314732142857143,
            0.8292410714285714
        ]
    },
    "model_3": {
        "time": [
            20.39771795272827,
            20.426167726516724,
            20.44678235054016,
            20.442755460739136,
            20.41393756866455,
            20.56572151184082
        ],
        "train_loss": [
            0.24473392646373707,
            0.14359600573700945,
            0.1067688599062379,
            0.08559166994416324,
            0.07251613328222505,
            0.06084430524192683
        ],
        "val_loss": [
            0.41728618634598597,
            0.4741320407816342,
            0.5237737159643855,
            0.6132076850959233,
            0.6106806248426437,
            0.7002435284001487
        ],
        "train_acc": [
            0.9039214779212685,
            0.9479937700487171,
            0.9613418108518259,
            0.9692299685638803,
            0.9740879634115363,
            0.9780293918103752
        ],
        "val_acc": [
            0.8359375,
            0.8415178571428571,
            0.8363839302744184,
            0.8207589302744184,
            0.8252232159887042,
            0.8236607142857143
        ]
    },
    "model_4": {
        "time": [
            20.49068284034729,
            20.464586973190308,
            20.390037775039673,
            20.495727062225342,
            20.465503931045532,
            20.516722202301025
        ],
        "train_loss": [
            0.24482886643520524,
            0.1434040194319397,
            0.10701368158741087,
            0.08525996048478747,
            0.07116395717476486,
            0.06136414891713114
        ],
        "val_loss": [
            0.45059434856687275,
            0.4736379768167223,
            0.5261436594384057,
            0.5682801625558308,
            0.6001192884785789,
            0.6731959666524615
        ],
        "train_acc": [
            0.9050298390302016,
            0.9480144915803109,
            0.9616608261058368,
            0.9696400621471627,
            0.9745332354322617,
            0.978039511629028
        ],
        "val_acc": [
            0.8185267874172756,
            0.8370535714285714,
            0.8337053571428571,
            0.8292410714285714,
            0.8263392874172756,
            0.8287946454116276
        ]
    },
    "num_param": 5302286
}