{
    "test_loss": [
        0.248476835048717,
        0.24898582441575082,
        0.24885379473495362,
        0.2502077903474688,
        0.2497929800921084
    ],
    "test_acc": [
        0.8995444373706417,
        0.9010469948544222,
        0.8994085677444478,
        0.8992806906285493,
        0.8982976342710998
    ],
    "model_0": {
        "time": [
            38.92614793777466,
            38.397268295288086,
            37.989481687545776,
            38.59490704536438,
            38.083436489105225,
            38.4357750415802,
            38.28494739532471
        ],
        "train_loss": [
            0.43857675591822376,
            0.23121701837093991,
            0.14381413581908087,
            0.07612822524970397,
            0.04383761504405728,
            0.027210941692828783,
            0.023812049694573612
        ],
        "val_loss": [
            0.2711005870252848,
            0.24122345987707378,
            0.25206677448004483,
            0.27982692793011665,
            0.32073048637248575,
            0.36882795179262756,
            0.41288012634031473
        ],
        "train_acc": [
            0.7871488320895217,
            0.909061316231435,
            0.947808159684593,
            0.9751075204800476,
            0.9857510653409091,
            0.9915660511363636,
            0.9924538352272727
        ],
        "val_acc": [
            0.8921875,
            0.902734375,
            0.901171875,
            0.899609375,
            0.897265625,
            0.894921875,
            0.90078125
        ]
    },
    "model_1": {
        "time": [
            38.802178621292114,
            38.78007245063782,
            38.565205335617065,
            39.07867097854614,
            39.187050104141235,
            38.30068612098694,
            39.228357553482056
        ],
        "train_loss": [
            0.43738025532696734,
            0.2359107579739595,
            0.1374567188428376,
            0.07454329320832832,
            0.04159970858084059,
            0.028546276929608375,
            0.020995188805086815
        ],
        "val_loss": [
            0.2864674970507622,
            0.2478708866983652,
            0.2616926190443337,
            0.284665868896991,
            0.3382157533429563,
            0.39902157804463056,
            0.420930492907064
        ],
        "train_acc": [
            0.787716027518565,
            0.9059787326577035,
            0.9514825994318182,
            0.9744762073863636,
            0.9869939630681818,
            0.991265190934593,
            0.9933416193181818
        ],
        "val_acc": [
            0.88125,
            0.88984375,
            0.898828125,
            0.9015625,
            0.89765625,
            0.890625,
            0.894140625
        ]
    },
    "model_2": {
        "time": [
            38.3895959854126,
            39.2120840549469,
            39.173813819885254,
            39.6953558921814,
            38.46517515182495,
            38.867706298828125,
            38.7376663684845
        ],
        "train_loss": [
            0.4293046951378611,
            0.23537201267159122,
            0.14043582635085014,
            0.0743858485577882,
            0.04265176159308546,
            0.028658771195544185,
            0.02182310484038846
        ],
        "val_loss": [
            0.27974954433739185,
            0.24227846506983042,
            0.2444796696305275,
            0.2707852913998067,
            0.3107257904484868,
            0.34978960994631053,
            0.3878781189676374
        ],
        "train_acc": [
            0.7944138652899049,
            0.9059491397982294,
            0.9493716462430629,
            0.9748757102272727,
            0.9865155460482294,
            0.9913441051136364,
            0.9926412562755021
        ],
        "val_acc": [
            0.8828125,
            0.8953125,
            0.906640625,
            0.905859375,
            0.899609375,
            0.901171875,
            0.899609375
        ]
    },
    "model_3": {
        "time": [
            38.41573667526245,
            38.31684136390686,
            38.97382307052612,
            38.887611627578735,
            38.610107421875,
            39.173346757888794,
            38.39039468765259
        ],
        "train_loss": [
            0.43272738929160615,
            0.23541025948626074,
            0.13940448307601566,
            0.07955187156701206,
            0.04147916311128277,
            0.025236573527350134,
            0.02113640692186891
        ],
        "val_loss": [
            0.2896439790725708,
            0.24112945306114852,
            0.24693560907617212,
            0.2722221315838397,
            0.31750900992192327,
            0.3500474527885672,
            0.3912641514558345
        ],
        "train_acc": [
            0.7886679292741147,
            0.906476878137751,
            0.9484739977527749,
            0.9731100062755021,
            0.9867276278409091,
            0.9924538352272727,
            0.9937411221590909
        ],
        "val_acc": [
            0.879296875,
            0.896484375,
            0.9015625,
            0.897265625,
            0.901171875,
            0.9015625,
            0.8953125
        ]
    },
    "model_4": {
        "time": [
            38.835248708724976,
            38.43927264213562,
            38.556769371032715,
            38.798762798309326,
            37.897789001464844,
            38.469722270965576,
            38.55817651748657
        ],
        "train_loss": [
            0.42952245025133545,
            0.22866936815394598,
            0.13524709456727246,
            0.073259629113388,
            0.043942111397468994,
            0.027354569037429013,
            0.020783496972977777
        ],
        "val_loss": [
            0.27772498298436404,
            0.24035192700102925,
            0.27351687420159576,
            0.2992831001058221,
            0.3386603710707277,
            0.3789235308766365,
            0.4189098294475116
        ],
        "train_acc": [
            0.7952819207513874,
            0.9121389678594741,
            0.9518031880936839,
            0.9765625,
            0.986328125,
            0.9921085858209566,
            0.994140625
        ],
        "val_acc": [
            0.8828125,
            0.901953125,
            0.894921875,
            0.894140625,
            0.898046875,
            0.896484375,
            0.898828125
        ]
    },
    "num_param": 7961786
}