{
    "test_loss": [
        0.2917707159619807,
        0.2836468239955585,
        0.28276257666632953,
        0.2877066944490003,
        0.2924172984212256
    ],
    "test_acc": [
        0.8766384271099744,
        0.8795156649616368,
        0.8803468669771843,
        0.8777733376568846,
        0.875135869626194
    ],
    "model_0": {
        "time": [
            7.178305625915527,
            7.091768741607666,
            7.058441162109375,
            7.098336696624756,
            7.160603046417236,
            7.100984573364258,
            7.19191837310791,
            7.196912050247192,
            7.142718076705933,
            7.192296981811523,
            7.189779043197632
        ],
        "train_loss": [
            0.49419870566238056,
            0.3497756869447502,
            0.3094368332319639,
            0.2784849975512109,
            0.25721934835680504,
            0.23984475239095362,
            0.2223166704855182,
            0.2083696682768112,
            0.19600446392062373,
            0.18392766224728388,
            0.17250893414232202
        ],
        "val_loss": [
            0.3366540540009737,
            0.3010955904610455,
            0.2883373465389013,
            0.28621864998713137,
            0.2773672819137573,
            0.276994577050209,
            0.28183993566781285,
            0.27791462319437416,
            0.291415283549577,
            0.29252085662446914,
            0.295146416220814
        ],
        "train_acc": [
            0.7511689156632532,
            0.8497918639332056,
            0.8693724352527749,
            0.8862354008650238,
            0.8958727903664112,
            0.901830808174881,
            0.9109157985922965,
            0.9175001973794266,
            0.9207504735412922,
            0.9285629735412922,
            0.9331794508140195
        ],
        "val_acc": [
            0.863671875,
            0.8796875,
            0.883984375,
            0.880078125,
            0.884375,
            0.884765625,
            0.88046875,
            0.879296875,
            0.873828125,
            0.8828125,
            0.884765625
        ]
    },
    "model_1": {
        "time": [
            7.156740427017212,
            7.131559133529663,
            7.087324857711792,
            7.0948426723480225,
            7.117446422576904,
            7.157609701156616,
            7.18291449546814,
            7.202080488204956,
            7.098805665969849,
            7.050679683685303,
            7.173777341842651
        ],
        "train_loss": [
            0.4962833792140538,
            0.3589687171307477,
            0.30967294687235897,
            0.2828923558223654,
            0.26059949241409247,
            0.24173058541914957,
            0.22114450365982272,
            0.20638731483962725,
            0.19234903971664608,
            0.18089640671810645,
            0.17243597120977938
        ],
        "val_loss": [
            0.3499403391033411,
            0.3036987463012338,
            0.2889167337678373,
            0.27871828684583305,
            0.2798336011590436,
            0.26506981858983636,
            0.27060326957143843,
            0.26813073169905693,
            0.28047575822565707,
            0.27361726853996515,
            0.2817083591129631
        ],
        "train_acc": [
            0.7499506786804307,
            0.8438782354986126,
            0.869456281546842,
            0.8841195155612447,
            0.8930713383650238,
            0.9024769176136364,
            0.9121488320895217,
            0.9200451783835888,
            0.9235913826322014,
            0.9289328835227273,
            0.9319908065213398
        ],
        "val_acc": [
            0.851171875,
            0.878515625,
            0.878125,
            0.884765625,
            0.88203125,
            0.89140625,
            0.887109375,
            0.88671875,
            0.88125,
            0.886328125,
            0.887109375
        ]
    },
    "model_2": {
        "time": [
            7.159005641937256,
            7.131621599197388,
            7.148824453353882,
            7.150538682937622,
            7.15470814704895,
            7.183560609817505,
            7.079797744750977,
            7.101958990097046,
            7.171525478363037,
            7.074642658233643,
            7.168156862258911
        ],
        "train_loss": [
            0.4933898574249311,
            0.3541937467896126,
            0.3050607839514586,
            0.2809145979964259,
            0.257388599365103,
            0.2358752968086099,
            0.22260978758673777,
            0.20440287981182337,
            0.19608327073299073,
            0.18526673869399185,
            0.17149836664215068
        ],
        "val_loss": [
            0.33650611340999603,
            0.303169203735888,
            0.28217745553702117,
            0.28747689034789803,
            0.2835038324818015,
            0.27195641563739625,
            0.2770281990990043,
            0.2773759960429743,
            0.2723855065298267,
            0.27861721376539206,
            0.2858096960932016
        ],
        "train_acc": [
            0.7520566997541622,
            0.8476513178849762,
            0.872385969046842,
            0.8847952178594741,
            0.8957790798422965,
            0.9034288195385174,
            0.9112166587940671,
            0.9183781170709566,
            0.9232461332258853,
            0.9276209360157902,
            0.9352558791976083
        ],
        "val_acc": [
            0.86328125,
            0.872265625,
            0.880859375,
            0.878515625,
            0.87578125,
            0.88359375,
            0.88359375,
            0.890234375,
            0.886328125,
            0.8859375,
            0.89140625
        ]
    },
    "model_3": {
        "time": [
            7.130381107330322,
            7.171314239501953,
            7.124525785446167,
            7.112061500549316,
            7.129926443099976,
            7.104151487350464,
            7.143190383911133,
            7.120433807373047,
            7.164913177490234,
            7.137768745422363,
            7.1520302295684814
        ],
        "train_loss": [
            0.4954637795348059,
            0.3513385280120102,
            0.30852948713370343,
            0.2790587668476457,
            0.25684655643999577,
            0.24009170253041454,
            0.22153405724516648,
            0.20344380420547994,
            0.19368638841181315,
            0.1807092461015352,
            0.17583653947804123
        ],
        "val_loss": [
            0.34103415049612523,
            0.30216381503269074,
            0.28976268600672483,
            0.28532145167700945,
            0.2739521008450538,
            0.2691483115311712,
            0.2791554409312084,
            0.2909961425117217,
            0.2809225137345493,
            0.28266351396450773,
            0.3035518126678653
        ],
        "train_acc": [
            0.7535462042486126,
            0.847483625296842,
            0.8696387704800476,
            0.8849283854731105,
            0.8950688525695693,
            0.9008049241859805,
            0.9101759786294266,
            0.9196210147982294,
            0.9236259076066993,
            0.927310211583972,
            0.9317146070640195
        ],
        "val_acc": [
            0.859375,
            0.87421875,
            0.87734375,
            0.880859375,
            0.883984375,
            0.88671875,
            0.884765625,
            0.88046875,
            0.88125,
            0.8875,
            0.8765625
        ]
    },