{
    "test_loss": [
        0.23653061129152775,
        0.24620291776955128,
        0.24627729086205363,
        0.30135359801352024,
        0.25543991988524795
    ],
    "test_acc": [
        0.9107572138309479,
        0.9118089005351067,
        0.9059495255351067,
        0.8844651505351067,
        0.9044471234083176
    ],
    "model_0": {
        "time": [
            0.8099195957183838,
            0.8068583011627197,
            0.8117756843566895,
            0.8076562881469727,
            0.8034255504608154,
            0.7925765514373779,
            0.8041045665740967,
            0.7933516502380371,
            0.7962026596069336,
            0.7954246997833252
        ],
        "train_loss": [
            1.0789181342372647,
            0.4913404727136934,
            0.3067244252601227,
            0.18757165145951432,
            0.12955352901057762,
            0.0839381492515276,
            0.061841662344220394,
            0.04038922772924235,
            0.028188002416743088,
            0.02257956141702734
        ],
        "val_loss": [
            0.590507404671775,
            0.40075402127371895,
            0.3369542095396254,
            0.3176078548034032,
            0.3055497490697437,
            0.34043651322523755,
            0.33343420757187736,
            0.36568568150202435,
            0.3482242574294408,
            0.3507341709401872
        ],
        "train_acc": [
            0.6036223947227776,
            0.8376764949266012,
            0.9071749471998835,
            0.9453195782450886,
            0.9651021214274617,
            0.9789999243500945,
            0.9864089396092799,
            0.9912743506493507,
            0.9951298701298701,
            0.9967532467532467
        ],
        "val_acc": [
            0.7941393123732673,
            0.8493792083528307,
            0.885837541686164,
            0.8927819861306084,
            0.8945180972417196,
            0.8893097639083862,
            0.8910458750194974,
            0.8926767706871033,
            0.8910458750194974,
            0.9012521107991537
        ]
    },
    "model_1": {
        "time": [
            0.8151741027832031,
            0.8043665885925293,
            0.8014023303985596,
            0.8194758892059326,
            0.8016307353973389,
            0.8034629821777344,
            0.7963151931762695,
            0.8118190765380859,
            0.7988877296447754,
            0.8026542663574219,
            0.8071033954620361
        ],
        "train_loss": [
            1.0869136444934002,
            0.48797784958566937,
            0.296561301722155,
            0.19131363105851334,
            0.12461509666853136,
            0.0825484318102335,
            0.05660814269409551,
            0.04124837758188898,
            0.0313850168574166,
            0.025020169977147084,
            0.02120923483441886
        ],
        "val_loss": [
            0.5771436724397871,
            0.38392791979842716,
            0.3457927604516347,
            0.34074320395787555,
            0.3294723547167248,
            0.32406772176424664,
            0.34528423017925686,
            0.3574628084897995,
            0.3581463214423921,
            0.3609125448597802,
            0.37615393433305955
        ],
        "train_acc": [
            0.6002010343136726,
            0.8358501962253025,
            0.9087936042191146,
            0.9436018196019259,
            0.9640875110378513,
            0.9820437555189256,
            0.9886363636363636,
            0.9935064935064936,
            0.9943181818181818,
            0.9955357142857143,
            0.9955357142857143
        ],
        "val_acc": [
            0.8284406595759921,
            0.861637208196852,
            0.8788930972417196,
            0.8788930972417196,
            0.8893097639083862,
            0.8926767706871033,
            0.8841014305750529,
            0.8841014305750529,
            0.8909406595759921,
            0.8892045484648811,
            0.8944128817982144
        ]
    },
    "model_2": {
        "time": [
            0.7979662418365479,
            0.8059496879577637,
            0.8317961692810059,
            0.8031299114227295,
            0.7993083000183105,
            0.8059980869293213,
            0.8068599700927734,
            0.790226936340332,
            0.804821252822876,
            0.8035383224487305
        ],
        "train_loss": [
            1.101577820715966,
            0.5067821164409836,
            0.31327866520974545,
            0.1972623604845691,
            0.12223454685760783,
            0.08309891636108423,
            0.05831788136781036,
            0.04097674143585292,
            0.032922923298818726,
            0.024426911685422256
        ],
        "val_loss": [
            0.6034843789206611,
            0.4027634213368098,
            0.3484051393138038,
            0.3284499529335234,
            0.306812134053972,
            0.31576265229119194,
            0.32214368051952785,
            0.3306323405769136,
            0.35008219877878827,
            0.3622991376452976
        ],
        "train_acc": [
            0.5902861674110611,
            0.8270254452507217,
            0.9003746981744642,
            0.9430827165578867,
            0.9674380847385952,
            0.9793066668820072,
            0.9873197295448997,
            0.9918831168831169,
            0.9937094155844156,
            0.9961444805194806
        ],
        "val_acc": [
            0.7820917500389947,
            0.8735795484648811,
            0.8771569861306084,
            0.8805239929093255,
            0.8995159996880425,
            0.8910458750194974,
            0.8996212151315477,
            0.8996212151315477,
            0.8875736527972751,
            0.8927819861306084
        ]
    },
    "model_3": {
        "time": [
            0.8017239570617676,
            0.8019957542419434,
            0.802093505859375,
            0.817960262298584,
            0.8013920783996582,
            0.7951955795288086,
            0.7912006378173828,
            0.8036112785339355,
            0.7950081825256348
        ],
        "train_loss": [
            1.0772057299490099,
            0.49795854207757234,
            0.29748340821885444,
            0.1912035901438106,
            0.11747142183896783,
            0.0779193811021842,
            0.05534864337993907,
            0.04078619172433754,
            0.03088904017364824
        ],
        "val_loss": [
            0.5753854513168335,
            0.3944214814239078,
            0.3556145148144828,
            0.31814613772763145,
            0.3208377526866065,
            0.31950317819913227,
            0.32761603593826294,
            0.3393064041932424,
            0.3436472217241923
        ],
        "train_acc": [
            0.5999509212258575,
            0.8322117560869687,
            0.9113324903822565,
            0.942374848700189,
            0.9695616883116883,
            0.9835680305183708,
            0.9888392857142857,
            0.992086038961039,
            0.9942190801942503
        ],
        "val_acc": [
            0.8232323262426589,
            0.8580597639083862,
            0.8717382219102647,
            0.8924663331773546,
            0.8910458750194974,
            0.8893097639083862,
            0.8945180972417196,
            0.8961489929093255,
            0.8961489929093255
        ]
    },
    "model_4": {
        "time": [
            0.797795295715332,
            0.814687967300415,
            0.8118362426757812,
            0.8098239898681641,
            0.8046517372131348,
            0.8136303424835205,
            0.8015499114990234,
            0.8033361434936523,
            0.7973127365112305
        ],