{
    "test_loss": [
        0.26463776687160134,
        0.28262589359655976,
        0.2518307873979211,
        0.30008306726813316,
        0.29057615296915174
    ],
    "test_acc": [
        0.8952824547886848,
        0.8879206776618958,
        0.9167668297886848,
        0.8796574547886848,
        0.8864182755351067
    ],
    "model_0": {
        "time": [
            0.16756606101989746,
            0.16040444374084473,
            0.14922857284545898,
            0.15110492706298828,
            0.14768743515014648,
            0.1569657325744629,
            0.15537357330322266,
            0.1514441967010498,
            0.144911527633667,
            0.16720342636108398,
            0.1484842300415039,
            0.15198206901550293,
            0.14506816864013672,
            0.1433725357055664,
            0.14190387725830078,
            0.14480900764465332
        ],
        "train_loss": [
            1.203986482186751,
            0.6797939550566983,
            0.5140931625644882,
            0.4087674459079643,
            0.35001124886723306,
            0.2931541252832908,
            0.2498937404000914,
            0.22163864021951502,
            0.19632782274252408,
            0.18010141342491298,
            0.15837798393391944,
            0.14484727285899124,
            0.1317963417280804,
            0.11992713271990998,
            0.1091784406695273,
            0.09717615621237012
        ],
        "val_loss": [
            0.7228388455179002,
            0.5043323702282376,
            0.4311934212843577,
            0.39768872327274746,
            0.3746714625093672,
            0.35065289503998226,
            0.34716179635789657,
            0.36026883787579006,
            0.3356423195865419,
            0.3355996426608827,
            0.33298395739661324,
            0.3347485231028663,
            0.34136413865619236,
            0.34866003526581657,
            0.34148505164517295,
            0.3515867872370614
        ],
        "train_acc": [
            0.5556289638791766,
            0.7697023176527643,
            0.8243968966719392,
            0.8666046888797314,
            0.8823146332393993,
            0.9059526951282055,
            0.9167122848622211,
            0.9274671549920912,
            0.9444087890835552,
            0.9439982253235656,
            0.9487692535697639,
            0.956881417856588,
            0.9622612123365526,
            0.9661167318170721,
            0.9668293185048289,
            0.9743327165578867
        ],
        "val_acc": [
            0.7939288748635186,
            0.8543771107991537,
            0.8459069861306084,
            0.8562184373537699,
            0.8684764305750529,
            0.8839962151315477,
            0.8805239929093255,
            0.8806292083528307,
            0.8841014305750529,
            0.8806292083528307,
            0.8996212151315477,
            0.8876788748635186,
            0.8841014305750529,
            0.8843118747075399,
            0.8911510970857408,
            0.8876788748635186
        ]
    },
    "model_1": {
        "time": [
            0.14994549751281738,
            0.15740203857421875,
            0.15345072746276855,
            0.15332412719726562,
            0.15918540954589844,
            0.148942232131958,
            0.15139126777648926,
            0.14908480644226074,
            0.15263867378234863,
            0.14769482612609863,
            0.1469123363494873,
            0.14874672889709473,
            0.1499803066253662,
            0.14372611045837402,
            0.14858126640319824,
            0.14139676094055176,
            0.14409351348876953
        ],
        "train_loss": [
            1.2050010469052699,
            0.6795744214739118,
            0.5120372605788244,
            0.4054282013472025,
            0.34432533364017287,
            0.296514687987117,
            0.2563650331326893,
            0.228397957883872,
            0.19813767946385719,
            0.18104400611543037,
            0.15325638187396062,
            0.13656516532812799,
            0.12921114232052455,
            0.10895215238553363,
            0.11152032545054114,
            0.09342229910581917,
            0.09084265161450807
        ],
        "val_loss": [
            0.7292726834615072,
            0.5160064001878103,
            0.431777020295461,
            0.3859616186883714,
            0.36877941422992283,
            0.35727958546744454,
            0.35682591961489785,
            0.344335632191764,
            0.33966781695683795,
            0.3464605791701211,
            0.3367074926694234,
            0.32799119253953296,
            0.34707410799132454,
            0.3340712918175591,
            0.34670714371734196,
            0.33624010119173264,
            0.36451845864454907
        ],
        "train_acc": [
            0.5521415357852911,
            0.7687962473212898,
            0.8222591358345824,
            0.8656750228497889,
            0.886778918953685,
            0.9015969494720558,
            0.9196475759729162,
            0.9256361366866471,
            0.9432856386358087,
            0.9483681290180652,
            0.9563717532467533,
            0.9601328899334003,
            0.9642904331157733,
            0.9697646103896104,
            0.9681459525962929,
            0.9735210282461983,
            0.9759560931812633
        ],
        "val_acc": [
            0.7682028611501058,
            0.8096590969297621,
            0.8597958750194974,
            0.8581649859746298,
            0.8735795484648811,
            0.8753156595759921,
            0.877262208196852,
            0.8909406595759921,
            0.8927819861306084,
            0.8841014305750529,
            0.877262208196852,
            0.8893097639083862,
            0.8857323262426589,
            0.8909406595759921,
            0.8925715552435981,
            0.8825757635964288,
            0.8894149859746298
        ]
    },
    "model_2": {
        "time": [
            0.15003728866577148,
            0.15019702911376953,
            0.14905214309692383,
            0.14905118942260742,
            0.15172529220581055,
            0.15067386627197266,
            0.15354228019714355,
            0.14774298667907715,
            0.150787353515625,
            0.14862585067749023,
            0.15198588371276855,
            0.1615886688232422,
            0.1471996307373047,
            0.14571714401245117,
            0.1459355354309082
        ],
        "train_loss": [
            1.1912784994422616,
            0.683272427165663,
            0.50305990468372,
            0.41657101082337367,
            0.3494466543197632,
            0.2945229295012239,
            0.24963033218662461,
            0.22759816921376563,
            0.191248511726206,
            0.17341947487809442,
            0.15423688834363763,
            0.13329121770409794,
            0.12916346929677122,
            0.11588119270352575,
            0.10302653613609153
        ],
        "val_loss": [
            0.7188417514165243,
            0.5047578612963358,
            0.42398248116175336,
            0.39182931515905595,
            0.36601289444499546,
            0.3479960991276635,
            0.3421624071068234,
            0.3388577451308568,
            0.3346095465951496,
            0.33389276100529564,
            0.3340885721974903,
            0.3350692358281877,
            0.34056618478563094,
            0.3379812157816357,
            0.3356148915158378
        ],