{
    "test_loss": [
        0.28786020121915873,
        0.28004837192385396,
        0.27555793199850165,
        0.28659676076353663,
        0.28001020707742635
    ],
    "test_acc": [
        0.8775575447570333,
        0.8821131713554987,
        0.8847106777493606,
        0.8810581842346874,
        0.8833919437340153
    ],
    "model_0": {
        "time": [
            12.073603391647339,
            12.228709936141968,
            12.25163221359253,
            12.340490341186523,
            12.113310813903809,
            12.227926015853882,
            12.347373962402344
        ],
        "train_loss": [
            0.4610788229514252,
            0.27731846571391955,
            0.188599308995022,
            0.12586298550013453,
            0.0789868666748093,
            0.05751039844736541,
            0.0344350773944329
        ],
        "val_loss": [
            0.30484912507236006,
            0.2639949849806726,
            0.2697487653233111,
            0.2996534081932623,
            0.38086526859551667,
            0.3855298499292985,
            0.43279015616062677
        ],
        "train_acc": [
            0.7706409801136364,
            0.8878038195385174,
            0.9273200758140195,
            0.9558623343367468,
            0.9726414536549286,
            0.9816672585227273,
            0.98974609375
        ],
        "val_acc": [
            0.8734375,
            0.88984375,
            0.89296875,
            0.8890625,
            0.874609375,
            0.88359375,
            0.88125
        ]
    },
    "model_1": {
        "time": [
            13.298047542572021,
            14.691442012786865,
            20.483354568481445,
            24.93558669090271,
            23.19447088241577,
            23.236531972885132,
            23.126280069351196
        ],
        "train_loss": [
            0.4642716663974253,
            0.2775019423782148,
            0.19023734094067055,
            0.12738769344816153,
            0.08115760974099183,
            0.04977113067897418,
            0.03664314834035891
        ],
        "val_loss": [
            0.310410051420331,
            0.264119032304734,
            0.27035246810410174,
            0.29791656425222757,
            0.34802441464853473,
            0.4154967325273901,
            0.4701723327954824
        ],
        "train_acc": [
            0.7708481297912922,
            0.8870541351762685,
            0.9293373184786602,
            0.9526515150950714,
            0.9722123579545454,
            0.9835759943181818,
            0.9884785354476083
        ],
        "val_acc": [
            0.868359375,
            0.892578125,
            0.88515625,
            0.8890625,
            0.8828125,
            0.874609375,
            0.873828125
        ]
    },
    "model_2": {
        "time": [
            21.374808311462402,
            21.076576709747314,
            22.529870748519897,
            21.8580379486084,
            20.758837699890137,
            18.083732843399048,
            18.717158555984497
        ],
        "train_loss": [
            0.4592382596297698,
            0.27464514826847747,
            0.18698028182949533,
            0.12528634941819208,
            0.07678015521113676,
            0.055338488568932837,
            0.03870259300906169
        ],
        "val_loss": [
            0.31942400243133307,
            0.26331111388280987,
            0.2726784153608605,
            0.30666273535462096,
            0.3460421341995243,
            0.4023520787843154,
            0.4544461109209806
        ],
        "train_acc": [
            0.7739504419944503,
            0.8883463542231105,
            0.9271770439703356,
            0.9545454545454546,
            0.9749200994318182,
            0.9821555397727273,
            0.9880149147727273
        ],
        "val_acc": [
            0.86640625,
            0.88984375,
            0.890234375,
            0.884375,
            0.876953125,
            0.872265625,
            0.874609375
        ]
    },
    "model_3": {
        "time": [
            12.773400783538818,
            12.674072504043579,
            12.341322422027588,
            13.579822063446045,
            13.693279027938843,
            12.202485799789429,
            12.19818639755249
        ],
        "train_loss": [
            0.4634113115766509,
            0.2808563300112093,
            0.19084424542432482,
            0.12875881098972802,
            0.08317982762872073,
            0.049051862907204355,
            0.035539958231807264
        ],
        "val_loss": [
            0.2996262591332197,
            0.2669870316050947,
            0.2761921162251383,
            0.29689823206863364,
            0.3539126179079176,
            0.4140278820559615,
            0.461976546223741
        ],
        "train_acc": [
            0.7750305792486126,
            0.8859246764332056,
            0.9288638337430629,
            0.9539535985412922,
            0.9727992818436839,
            0.9840642755681818,
            0.9885475852272727
        ],
        "val_acc": [
            0.873046875,
            0.88359375,
            0.887109375,
            0.887890625,
            0.8796875,
            0.876953125,
            0.879296875
        ]
    },
    "model_4": {
        "time": [
            12.164629936218262,
            12.219785690307617,
            12.202247142791748,
            12.132614135742188,
            12.039955854415894,
            12.159728527069092,
            12.2443106174469
        ],
        "train_loss": [
            0.45827918347309937,
            0.2762647423977879,
            0.1881141959562559,
            0.1230591975829818,
            0.08042371750343591,
            0.05243573369013823,
            0.033480301541699606
        ],
        "val_loss": [
            0.29731167666614056,
            0.2635061564855278,
            0.27671150465030225,
            0.3106279388302937,
            0.35917409404646605,
            0.4167285889143386,
            0.47943251551769206
        ],
        "train_acc": [
            0.7745422979986126,
            0.8867286142300476,
            0.9289082229476083,
            0.9565084437755021,
            0.973208649083972,
            0.982885495674881,
            0.9894797585227273
        ],
        "val_acc": [
            0.873828125,
            0.88984375,
            0.887890625,
            0.8828125,
            0.880078125,
            0.871875,
            0.87109375
        ]
    },
    "num_param": 7616186
}