{
    "test_loss": [
        0.28220332390628755,
        0.2421452710404992,
        0.23173910612240434,
        0.2517843928653747,
        0.240784028545022
    ],
    "test_acc": [
        0.8946814984083176,
        0.9142127484083176,
        0.9200721234083176,
        0.8933293297886848,
        0.9098557755351067
    ],
    "model_0": {
        "time": [
            0.1623823642730713,
            0.15975403785705566,
            0.17080235481262207,
            0.1674668788909912,
            0.17036223411560059,
            0.16539764404296875,
            0.16381525993347168,
            0.16111278533935547,
            0.15616321563720703,
            0.17283129692077637,
            0.15193581581115723,
            0.1490921974182129,
            0.14908099174499512,
            0.1455388069152832
        ],
        "train_loss": [
            1.1228608388405341,
            0.5993839463630279,
            0.41553989923619605,
            0.32711969780457484,
            0.2485680171808639,
            0.2014286858694894,
            0.1634815205614288,
            0.13139611589057104,
            0.10892506330818325,
            0.09305141121149063,
            0.08095325764220257,
            0.07234163555715765,
            0.0671589725783893,
            0.04508167048069564
        ],
        "val_loss": [
            0.6428635054164462,
            0.46286727984746295,
            0.39730393555429244,
            0.36642730898327297,
            0.3605896963013543,
            0.32620250682036084,
            0.32320931884977555,
            0.32431404954857296,
            0.321658742096689,
            0.3229950898223453,
            0.3257867313093609,
            0.32323699858453536,
            0.3428509301609463,
            0.343562427494261
        ],
        "train_acc": [
            0.5853499700496723,
            0.7976064635561658,
            0.8608237690739817,
            0.8940888325889389,
            0.9217806172061276,
            0.9361880847385952,
            0.9507937555189256,
            0.9653003246753247,
            0.9742336149339552,
            0.979301948051948,
            0.9784902597402597,
            0.9820437555189256,
            0.9835633116883117,
            0.993610313960484
        ],
        "val_acc": [
            0.800873319307963,
            0.8614267706871033,
            0.861637208196852,
            0.8703177637524075,
            0.8737899859746298,
            0.8944128817982144,
            0.8806292083528307,
            0.8893097639083862,
            0.8859427637524075,
            0.8910458750194974,
            0.8926767706871033,
            0.8841014305750529,
            0.8945180972417196,
            0.8927819861306084
        ]
    },
    "model_1": {
        "time": [
            0.15299439430236816,
            0.16217303276062012,
            0.15915536880493164,
            0.16042613983154297,
            0.15613460540771484,
            0.15668821334838867,
            0.14904069900512695,
            0.15734386444091797,
            0.14730477333068848,
            0.15246105194091797,
            0.1469864845275879,
            0.147108793258667,
            0.1453258991241455,
            0.1633157730102539
        ],
        "train_loss": [
            1.1282579256342602,
            0.5858283333190075,
            0.4125334914628561,
            0.31638905986562954,
            0.24999899765500774,
            0.19744379953904587,
            0.15740932887057205,
            0.13364676705428533,
            0.1056279605375482,
            0.08794357013199236,
            0.07807570318510006,
            0.0702523033727299,
            0.061528303575786675,
            0.05472867452091985
        ],
        "val_loss": [
            0.6296030647224851,
            0.4637242588731978,
            0.40682582060496014,
            0.39461583230230546,
            0.3636890434556537,
            0.3480230900976393,
            0.3415086203151279,
            0.3449426177475188,
            0.33319958713319564,
            0.33645393947760266,
            0.3460538619094425,
            0.36420203745365143,
            0.35294481615225476,
            0.35117435455322266
        ],
        "train_acc": [
            0.5831225460225885,
            0.800249169399212,
            0.8643631075883841,
            0.8992657049909815,
            0.9204687027188091,
            0.9406476516228217,
            0.9534364613619718,
            0.962360313960484,
            0.9739268724020426,
            0.9786979006482409,
            0.981737012987013,
            0.985696352921523,
            0.9849837662337663,
            0.9861021970773672
        ],
        "val_acc": [
            0.8045559790399339,
            0.8443813191519843,
            0.8719486527972751,
            0.861637208196852,
            0.8701073262426589,
            0.8754208750194974,
            0.8668455415301852,
            0.8788930972417196,
            0.885837541686164,
            0.878998319307963,
            0.8754208750194974,
            0.8822601040204366,
            0.8771569861306084,
            0.8770517706871033
        ]
    },
    "model_2": {
        "time": [
            0.15073919296264648,
            0.1541290283203125,
            0.15744447708129883,
            0.1508479118347168,
            0.15819382667541504,
            0.150360107421875,
            0.15181946754455566,
            0.14966106414794922,
            0.15130329132080078,
            0.14571166038513184,
            0.14549803733825684,
            0.14467835426330566
        ],
        "train_loss": [
            1.1438049217323205,
            0.6004345370577527,
            0.41802084852348675,
            0.3290050279397469,
            0.2463225501698333,
            0.2043728908741629,
            0.167724432689803,
            0.13468069573501487,
            0.10804483149345818,
            0.09224840790613906,
            0.07456958543073822,
            0.07015649863071256
        ],
        "val_loss": [
            0.6482193503114912,
            0.48625651001930237,
            0.4156925943162706,
            0.3693306545416514,
            0.3461313628488117,
            0.3434342063135571,
            0.3360398742887709,
            0.3488054656320148,
            0.3448342929283778,
            0.3519184688727061,
            0.3553360667493608,
            0.3627355330520206
        ],
        "train_acc": [
            0.5788989353489566,
            0.7906080112828837,
            0.8661799678554782,
            0.8964106386358087,
            0.9238098379853484,
            0.9389251733755136,
            0.9507937555189256,
            0.9625632360384062,
            0.9712936042191146,
            0.9798116126617828,
            0.9833603896103896,
            0.9825534201287603
        ],
        "val_acc": [
            0.8010837568177117,
            0.832123319307963,
            0.8562184373537699,
            0.8666351040204366,
            0.870212541686164,
            0.8720538748635186,
            0.8738952080408732,
            0.8773674302630954,
            0.8721590969297621,
            0.8808396524853177,
            0.877262208196852,
            0.8823653194639418
        ]
    },
    "model_3": {
        "time": [
            0.15549993515014648,
            0.148956298828125,
            0.15260648727416992,
            0.15173935890197754,
            0.15572690963745117,
            0.14548110961914062,
            0.16125702857971191,
            0.15193510055541992,
            0.15088629722595215,
            0.14687371253967285,
            0.1463332176208496,
            0.14482593536376953,
            0.14544200897216797
        ],