{
    "test_loss": [
        0.22872421075589955,
        0.23558140895329416,
        0.22183645819313824,
        0.2512786330189556,
        0.24105557543225586
    ],
    "test_acc": [
        0.9122596234083176,
        0.9094050526618958,
        0.9220252484083176,
        0.9039964005351067,
        0.9005408734083176
    ],
    "model_0": {
        "time": [
            0.18300414085388184,
            0.17176485061645508,
            0.15520548820495605,
            0.16939091682434082,
            0.16126370429992676,
            0.15223312377929688,
            0.15630292892456055,
            0.15220069885253906,
            0.15276050567626953,
            0.15641117095947266,
            0.1522359848022461,
            0.14896488189697266,
            0.15089654922485352,
            0.14806056022644043
        ],
        "train_loss": [
            1.0598249419943078,
            0.5483433101084325,
            0.3727372929260328,
            0.25652297711991645,
            0.18809732233549092,
            0.14498848680938994,
            0.11396985583297618,
            0.09319851310415701,
            0.06877841686757354,
            0.054948822583083985,
            0.04943573507540799,
            0.0429645050438,
            0.03701535077741394,
            0.03269759068483269
        ],
        "val_loss": [
            0.6119755672083961,
            0.45321135388480294,
            0.3986836158567005,
            0.365213457081053,
            0.3561084551943673,
            0.341605340441068,
            0.35491128431426155,
            0.36713705625798965,
            0.34062620004018146,
            0.36165966590245563,
            0.3428779575559828,
            0.3441252460082372,
            0.34079154001341927,
            0.39836138155725265
        ],
        "train_acc": [
            0.6110172527176994,
            0.8112966247967311,
            0.8775530426533191,
            0.9238098379853484,
            0.9475470022721724,
            0.9605340152591854,
            0.9705810175313578,
            0.9772727272727273,
            0.9847808441558441,
            0.9887401840903542,
            0.9898538961038961,
            0.9910714285714286,
            0.9935064935064936,
            0.9945211038961039
        ],
        "val_acc": [
            0.8095538748635186,
            0.8582702080408732,
            0.854587541686164,
            0.8634785413742065,
            0.8683712151315477,
            0.877262208196852,
            0.8651094304190742,
            0.854797985818651,
            0.878998319307963,
            0.8754208750194974,
            0.8876788748635186,
            0.8842066526412964,
            0.8841014305750529,
            0.8720538748635186
        ]
    },
    "model_1": {
        "time": [
            0.1564197540283203,
            0.1587979793548584,
            0.16119980812072754,
            0.1597890853881836,
            0.15679478645324707,
            0.16952109336853027,
            0.15587663650512695,
            0.15180706977844238,
            0.14915680885314941,
            0.15111851692199707,
            0.15336966514587402,
            0.15270042419433594,
            0.14956355094909668,
            0.15035009384155273,
            0.14846420288085938
        ],
        "train_loss": [
            1.0633756007466997,
            0.5442498813975941,
            0.35985570952489776,
            0.2579750114834154,
            0.19503395898001535,
            0.14865191909786943,
            0.1119479239470773,
            0.08524659638861556,
            0.06994114523487431,
            0.05603007979497507,
            0.049248477444052696,
            0.04791468518556326,
            0.0358988582579927,
            0.027283099576734103,
            0.03093786911385787
        ],
        "val_loss": [
            0.6010585228602091,
            0.454134914610121,
            0.40031057596206665,
            0.38689013322194415,
            0.35977043708165485,
            0.3488582935598161,
            0.3573993212646908,
            0.3570694360468123,
            0.3582921342717277,
            0.3469988720284568,
            0.35105371806356644,
            0.3590095688899358,
            0.3654307656817966,
            0.3664984620279736,
            0.38498684101634556
        ],
        "train_acc": [
            0.6092994940745367,
            0.8193238447238873,
            0.8847544170045233,
            0.9230972512975916,
            0.94145933993451,
            0.9596185064935064,
            0.9710906821411925,
            0.9813358876612279,
            0.9842758983760685,
            0.9916801948051948,
            0.9901606386358087,
            0.9900615370118773,
            0.9931006493506493,
            0.9951298701298701,
            0.9938132360384062
        ],
        "val_acc": [
            0.814762208196852,
            0.8461174302630954,
            0.854587541686164,
            0.8579545484648811,
            0.8770517706871033,
            0.8770517706871033,
            0.8563236527972751,
            0.870212541686164,
            0.8667403194639418,
            0.8806292083528307,
            0.8754208750194974,
            0.8788930972417196,
            0.8806292083528307,
            0.8770517706871033,
            0.8684764305750529
        ]
    },
    "model_2": {
        "time": [
            0.16193222999572754,
            0.16018414497375488,
            0.16598820686340332,
            0.15624427795410156,
            0.15616846084594727,
            0.1538994312286377,
            0.15225720405578613,
            0.14853572845458984,
            0.17569780349731445,
            0.16990065574645996,
            0.16630911827087402,
            0.14983010292053223,
            0.15095901489257812,
            0.1510777473449707
        ],
        "train_loss": [
            1.0626991437627125,
            0.5361172162093125,
            0.3793013345498543,
            0.2586479264420348,
            0.18749778079135077,
            0.14047918855756908,
            0.10733502783945628,
            0.0808646594500774,
            0.06609422674813828,
            0.061370111106858624,
            0.044003423617838267,
            0.04092969089843236,
            0.035725261350827556,
            0.030699969886185285
        ],
        "val_loss": [
            0.6072698136170706,
            0.47481632563802934,
            0.3928181264135573,
            0.3584359933932622,
            0.3457363396883011,
            0.3492165737681919,
            0.3503706455230713,
            0.3430846118264728,
            0.3400721963908937,
            0.35326162146197426,
            0.3517461915810903,
            0.35452619526121354,
            0.34946590330865646,
            0.35290391577614677
        ],
        "train_acc": [
            0.6119421999175827,
            0.8233728478481244,
            0.8768310175313578,
            0.9293925553173213,
            0.9483634094139198,
            0.9629737990243095,
            0.9756493506493507,
            0.9810291451293153,
            0.9876217532467533,
            0.9873197295448997,
            0.992090757791098,
            0.9924918831168831,
            0.993610313960484,
            0.9953327922077922
        ],
        "val_acc": [
            0.800873319307963,
            0.8323337568177117,
            0.8615319861306084,
            0.8734743330213759,
            0.8703177637524075,
            0.8735795484648811,
            0.8754208750194974,
            0.8788930972417196,
            0.8771569861306084,
            0.8718434373537699,
            0.8718434373537699,
            0.8754208750194974,
            0.8805239929093255,
            0.8804187774658203
        ]
    },