{
    "test_loss": [
        0.2839065453852229,
        0.28905236911590754,
        0.28328185168373615,
        0.29012258425164406,
        0.28704993912707205
    ],
    "test_acc": [
        0.8811381075083448,
        0.8753676470893118,
        0.8836237211971332,
        0.874448529442253,
        0.8811460997137572
    ],
    "model_0": {
        "time": [
            11.028826475143433,
            10.797462940216064,
            10.882091522216797,
            10.908994674682617,
            10.995862483978271,
            11.006320714950562,
            11.128963470458984,
            11.1201012134552
        ],
        "train_loss": [
            0.4717900674705478,
            0.31930105946958065,
            0.2670339587017555,
            0.21631113852543588,
            0.1812587186524814,
            0.15107876719081437,
            0.12170349603878673,
            0.10573977639432997
        ],
        "val_loss": [
            0.3523635122925043,
            0.2888777911663055,
            0.2792644971981645,
            0.28294984423555436,
            0.2902728717774153,
            0.30305801569484175,
            0.32369090532884004,
            0.3298254763940349
        ],
        "train_acc": [
            0.7663500236177986,
            0.8637399383905259,
            0.8906200678849762,
            0.9138701468367468,
            0.9307577730241147,
            0.9410264757885174,
            0.9531545928594741,
            0.9622346511618658
        ],
        "val_acc": [
            0.849609375,
            0.881640625,
            0.88046875,
            0.879296875,
            0.88828125,
            0.8859375,
            0.881640625,
            0.882421875
        ]
    },
    "model_1": {
        "time": [
            11.14185094833374,
            11.112136125564575,
            11.131256341934204,
            11.251270294189453,
            11.281369924545288,
            11.138201713562012,
            11.1763277053833
        ],
        "train_loss": [
            0.46857323831963266,
            0.32187397380105476,
            0.2610322671138089,
            0.2210681542584842,
            0.1754633501193232,
            0.1511204663388939,
            0.1251906645643017
        ],
        "val_loss": [
            0.33839393109083177,
            0.29053590521216394,
            0.2908497078344226,
            0.29061357527971265,
            0.29348148687276987,
            0.3043187617557123,
            0.3176045107655227
        ],
        "train_acc": [
            0.7724658696150238,
            0.8624329229986126,
            0.8955472695895217,
            0.912336253137751,
            0.9319266888566993,
            0.9425899621776559,
            0.9525134153664112
        ],
        "val_acc": [
            0.85234375,
            0.881640625,
            0.878125,
            0.88125,
            0.88203125,
            0.88671875,
            0.884765625
        ]
    },
    "model_2": {
        "time": [
            11.194572448730469,
            11.25325083732605,
            11.289882898330688,
            11.2896249294281,
            11.189395666122437,
            11.225765943527222,
            11.438560009002686,
            11.386806964874268,
            11.438135623931885
        ],
        "train_loss": [
            0.4644788032058965,
            0.3232501174577258,
            0.26021173312752083,
            0.21342845174314623,
            0.17864473556718705,
            0.14963132338810034,
            0.12359255307819694,
            0.10791588404787365,
            0.10150956952499902
        ],
        "val_loss": [
            0.33041404746472836,
            0.31245067417621614,
            0.29539191350340843,
            0.28656122405081985,
            0.29022307991981505,
            0.2924249610863626,
            0.3147660161368549,
            0.34006127424072474,
            0.34833470312005377
        ],
        "train_acc": [
            0.7767617582258853,
            0.8642282196405259,
            0.8934067235412922,
            0.9148565735667944,
            0.9318576389077035,
            0.9430141255936839,
            0.9537563130936839,
            0.9611594460227273,
            0.9625009863891385
        ],
        "val_acc": [
            0.86640625,
            0.86484375,
            0.877734375,
            0.87890625,
            0.8828125,
            0.880859375,
            0.875,
            0.883984375,
            0.879296875
        ]
    },
    "model_3": {
        "time": [
            11.44766879081726,
            11.430715560913086,
            11.466055154800415,
            11.377156019210815,
            11.31306505203247,
            11.323594093322754,
            11.385313510894775,
            11.191180229187012
        ],
        "train_loss": [
            0.4693728919479657,
            0.32648805308748374,
            0.26894126523455436,
            0.21787683265707034,
            0.18040857269344004,
            0.14722297979857435,
            0.1258249171184037,
            0.1070127981947735
        ],
        "val_loss": [
            0.3894532475620508,
            0.2986209370195866,
            0.2957698257640004,
            0.30350759364664553,
            0.29738495871424675,
            0.30168438856489954,
            0.3160018838942051,
            0.3860001836437732
        ],
        "train_acc": [
            0.7716668639332056,
            0.862674597481435,
            0.888933278112249,
            0.9145359849049286,
            0.9296924321150238,
            0.9444345801391385,
            0.9524345013566993,
            0.961055871268565
        ],
        "val_acc": [
            0.82890625,
            0.873828125,
            0.871875,
            0.873828125,
            0.87578125,
            0.885546875,
            0.8859375,
            0.869921875
        ]
    },
    "model_4": {
        "time": [
            11.466776371002197,
            11.318146228790283,
            11.423344135284424,
            11.359330892562866,
            11.243386030197144,
            11.325768232345581,
            11.337390899658203,
            11.381017684936523,
            11.206629753112793
        ],
        "train_loss": [
            0.46903810535811563,
            0.32464916314083064,
            0.2683750435032628,
            0.221846069928936,
            0.17850737943610345,
            0.1492788634919138,
            0.12125966923882846,
            0.10619800470092079,
            0.09244555922288616
        ],
        "val_loss": [
            0.3409601479768753,
            0.2995289519429207,
            0.28346238089725373,
            0.28024562816135584,
            0.28505245787091554,
            0.29720454480557235,
            0.305852070756373,
            0.3361384880321566,
            0.34588283151679206
        ],
        "train_acc": [
            0.7694572679359805,
            0.8637596670199524,
            0.892405500296842,
            0.9111328125,
            0.9296875,
            0.9421016809276559,
            0.9536872633140195,
            0.9616477272727273,
            0.9661409011618658
        ],
        "val_acc": [
            0.858203125,
            0.875390625,
            0.882421875,
            0.88203125,
            0.885546875,
            0.88125,
            0.886328125,
            0.87890625,
            0.88359375
        ]
    },
    "num_param": 461186
}