{
    "test_loss": [
        0.4271528535875781,
        0.45616078068470134,
        0.454875438377775,
        0.4731508493423462,
        0.4131739067620245
    ],
    "test_acc": [
        0.8000706002630037,
        0.7748587994739927,
        0.7719418838106352,
        0.7727036270601996,
        0.7952214623319691
    ],
    "model_0": {
        "time": [
            4.096168279647827,
            4.121428489685059,
            4.119140625,
            4.0746541023254395,
            4.097427129745483,
            4.1056435108184814,
            4.0797107219696045,
            4.11438775062561,
            4.192039728164673,
            4.128089427947998,
            4.132572412490845,
            4.106266736984253,
            4.1664206981658936
        ],
        "train_loss": [
            0.451632814954754,
            0.3871987182260949,
            0.36588063667205023,
            0.35248326539144,
            0.340581495739481,
            0.3348439811714418,
            0.32534166465035685,
            0.3222868353070527,
            0.31569294832704753,
            0.30987002248899925,
            0.30273193158595363,
            0.3019336277590051,
            0.2997390765532697
        ],
        "val_loss": [
            0.5644103948559079,
            0.5108093725783485,
            0.5372641491038459,
            0.5138848785843168,
            0.46727184525557924,
            0.5016105387892041,
            0.5062114575079509,
            0.4647774377039501,
            0.47394284180232454,
            0.484419333083289,
            0.4812100189072745,
            0.5117303345884595,
            0.541521430015564
        ],
        "train_acc": [
            0.7862530456074162,
            0.8290483129688495,
            0.8404653960250202,
            0.8469676204373182,
            0.8539242729390223,
            0.8568946806414758,
            0.8616712350456208,
            0.8623232405265996,
            0.8654054481285224,
            0.8684245273470879,
            0.8716941925991385,
            0.8727268959960172,
            0.8725288366715525
        ],
        "val_acc": [
            0.700669642005648,
            0.7705357159887042,
            0.7189732151372092,
            0.7466517857142857,
            0.7977678562913623,
            0.7725446437086377,
            0.768080357994352,
            0.8006696445601327,
            0.775223216840199,
            0.7848214294229235,
            0.7736607151372092,
            0.7691964294229235,
            0.7718750025544848
        ]
    },
    "model_1": {
        "time": [
            4.1179749965667725,
            4.139415979385376,
            4.183613061904907,
            4.1222546100616455,
            4.1695945262908936,
            4.131666898727417,
            4.162249565124512,
            4.169088363647461,
            4.1504807472229,
            4.191434621810913,
            4.129269599914551,
            4.138761281967163,
            4.136140823364258,
            4.147528409957886
        ],
        "train_loss": [
            0.4509685944495578,
            0.39161521217597584,
            0.37534258261786224,
            0.35883952917560086,
            0.3502125433342136,
            0.3417820009581474,
            0.3350921372443901,
            0.33119481492189234,
            0.3215833162415985,
            0.3178097672200728,
            0.31435409410243825,
            0.31115248210612356,
            0.30702945083341143,
            0.3010007983961485
        ],
        "val_loss": [
            0.5727051432643618,
            0.5770850777626038,
            0.5915263955082212,
            0.5045065368924823,
            0.497208657009261,
            0.499330854841641,
            0.5249222453151431,
            0.4956567372594561,
            0.47729111995015827,
            0.5302702635526657,
            0.48139471241406034,
            0.47797767392226626,
            0.5327663400343486,
            0.5172222980431148
        ],
        "train_acc": [
            0.7852815430167426,
            0.8269954355037892,
            0.8365991434053436,
            0.8461151461990386,
            0.8507408671119671,
            0.8541922071668768,
            0.8584878292571695,
            0.8614577550653348,
            0.8646363419109058,
            0.8675754264074286,
            0.8676824073254136,
            0.8709713483875897,
            0.8723115015369622,
            0.8753884083017166
        ],
        "val_acc": [
            0.6939732134342194,
            0.7069196445601327,
            0.7091517874172756,
            0.767410716840199,
            0.7685267882687705,
            0.7776785705770765,
            0.7573660739830562,
            0.7714285722800663,
            0.7803571437086377,
            0.759598216840199,
            0.7839285731315613,
            0.7819196454116276,
            0.7607142882687705,
            0.7723214285714286
        ]
    },
    "model_2": {
        "time": [
            4.139429807662964,
            4.145612478256226,
            4.145806789398193,
            4.150372266769409,
            4.168882608413696,
            4.140803337097168,
            4.167079448699951,
            4.14035701751709,
            4.136730670928955,
            4.150289535522461,
            4.133008718490601
        ],
        "train_loss": [
            0.46297698348297356,
            0.4002273999965253,
            0.3836979182543223,
            0.37359546343048,
            0.3631406623406886,
            0.35282392986118793,
            0.3461274160120463,
            0.34030309941986375,
            0.33458366422609964,
            0.3323175217184224,
            0.32593043198702865
        ],
        "val_loss": [
            0.5570339773382459,
            0.5669157143150058,
            0.5224133942808423,
            0.5388368921620506,
            0.517065520797457,
            0.4829850367137364,
            0.5237573789698737,
            0.4987987471478326,
            0.5707531443664006,
            0.4943112475531442,
            0.4968362876347133
        ],
        "train_acc": [
            0.7807319616715525,
            0.8199722813587115,
            0.8294646712550845,
            0.8346860157856669,
            0.8407926034819276,
            0.8480952573949809,
            0.849704308560784,
            0.854242806260141,
            0.8576642687533803,
            0.8593995767245021,
            0.8624798567492727
        ],
        "val_acc": [
            0.7314732159887042,
            0.705580357994352,
            0.7685267882687705,
            0.7417410739830562,
            0.7466517857142857,
            0.7859375008514949,
            0.7491071437086377,
            0.7763392882687705,
            0.7232142857142857,
            0.7647321437086377,
            0.7848214294229235
        ]
    },
    "model_3": {
        "time": [
            4.1508708000183105,
            4.1508400440216064,
            4.159450054168701,
            4.1591291427612305,
            4.118422031402588,
            4.186511516571045,
            4.126206159591675,
            4.122828006744385,
            4.167902708053589,
            4.147194147109985,
            4.182002305984497,
            4.130157709121704,
            4.145231246948242,
            4.164757013320923,
            4.12133526802063
        ],
        "train_loss": [
            0.4589752368821999,
            0.39333843010347436,
            0.3763537737178988,
            0.36348550835228643,
            0.3529797597387757,
            0.3462577931814552,
            0.3359890636442702,
            0.3285103862999017,
            0.3247962086485612,
            0.3177306297201412,
            0.31161792087006757,
            0.31174926960194205,
            0.3083263592205826,
            0.30099449253645894,
            0.295970444553025
        ],