{
    "test_loss": [
        0.2638507750816643,
        0.2770493817515671,
        0.28219858231022954,
        0.27234606025740504,
        0.2990771010518074
    ],
    "test_acc": [
        0.9085036069154739,
        0.9065504819154739,
        0.8957331776618958,
        0.8981370255351067,
        0.8816105797886848
    ],
    "model_0": {
        "time": [
            0.3946859836578369,
            0.38730740547180176,
            0.37154603004455566,
            0.3760490417480469,
            0.37008118629455566,
            0.36750125885009766,
            0.36858391761779785,
            0.3692953586578369,
            0.3666574954986572,
            0.3808872699737549,
            0.3669583797454834,
            0.36490774154663086
        ],
        "train_loss": [
            1.1864909057493334,
            0.5844383367470333,
            0.3783363268359915,
            0.2641152367963419,
            0.18602089042013342,
            0.1289072729066595,
            0.09123399868220478,
            0.07203792507288517,
            0.05696917470399435,
            0.042655239147799354,
            0.03823500324959879,
            0.02873972335273956
        ],
        "val_loss": [
            0.6527601116233401,
            0.43515197767151725,
            0.3691544102297889,
            0.351120713684294,
            0.34192083610428703,
            0.33993829786777496,
            0.3393468045526081,
            0.3523346798287498,
            0.36533042457368636,
            0.3821471250719494,
            0.41343868109914994,
            0.40273140867551166
        ],
        "train_acc": [
            0.5611267368514816,
            0.8018678271925295,
            0.8781523704528809,
            0.9168113864861526,
            0.9424833887583249,
            0.9644933551936955,
            0.9768668831168831,
            0.9821475759729162,
            0.9855972512975916,
            0.9908685064935064,
            0.9910714285714286,
            0.9945211038961039
        ],
        "val_acc": [
            0.7921927637524075,
            0.8511153194639418,
            0.8736847639083862,
            0.8670559790399339,
            0.8773674302630954,
            0.8808396524853177,
            0.8756313191519843,
            0.8773674302630954,
            0.8773674302630954,
            0.8808396524853177,
            0.8723695278167725,
            0.8740004234843783
        ]
    },
    "model_1": {
        "time": [
            0.3713500499725342,
            0.3721926212310791,
            0.3772721290588379,
            0.368549108505249,
            0.3669774532318115,
            0.3863818645477295,
            0.3781859874725342,
            0.3663825988769531,
            0.3648991584777832,
            0.36336469650268555,
            0.36623620986938477
        ],
        "train_loss": [
            1.1965222172922902,
            0.583787255085908,
            0.38901008955844035,
            0.26857442312039337,
            0.18284594944932245,
            0.12777966120606893,
            0.09135302490034661,
            0.07670370399855174,
            0.05501235232918293,
            0.047874172544711595,
            0.036999681643996536
        ],
        "val_loss": [
            0.6681347356902229,
            0.45158783925904167,
            0.36711333360936904,
            0.3387868321604199,
            0.3307874666319953,
            0.32965338892406887,
            0.33002423246701557,
            0.3572588546408547,
            0.3646007991499371,
            0.38086777263217503,
            0.3985407319333818
        ],
        "train_acc": [
            0.5620799985798922,
            0.8074411053162116,
            0.8740042657047123,
            0.9172125110378513,
            0.9486701527199188,
            0.9657061688311688,
            0.977782391882562,
            0.9814349892851594,
            0.9874188311688312,
            0.9892451298701299,
            0.992288961038961
        ],
        "val_acc": [
            0.7647306389278836,
            0.8442760970857408,
            0.863373319307963,
            0.8703177637524075,
            0.870422985818651,
            0.8653198679288229,
            0.8774726457066007,
            0.8722643123732673,
            0.8686868747075399,
            0.8755260970857408,
            0.8721590969297621
        ]
    },
    "model_2": {
        "time": [
            0.3689727783203125,
            0.38147902488708496,
            0.3712139129638672,
            0.37630343437194824,
            0.38045692443847656,
            0.37567758560180664,
            0.36652112007141113,
            0.36673760414123535,
            0.3649005889892578,
            0.38172268867492676
        ],
        "train_loss": [
            1.1910981427539478,
            0.5746814093806527,
            0.372718967400588,
            0.2590472438892761,
            0.18335535290179314,
            0.13272123009740533,
            0.09178097340483944,
            0.06897605135553068,
            0.05457801940282444,
            0.043764179802269904
        ],
        "val_loss": [
            0.6568886306550767,
            0.4442231125301785,
            0.3663919087913301,
            0.3303680287467109,
            0.32611897256639266,
            0.3353657043642468,
            0.337263102332751,
            0.3669607672426436,
            0.3733985291586982,
            0.395746938056416
        ],
        "train_acc": [
            0.5578894216518897,
            0.8117071877826344,
            0.878666754666861,
            0.9208698280445942,
            0.9403503475251136,
            0.9630681818181818,
            0.9772727272727273,
            0.9826525217526919,
            0.9888392857142857,
            0.9895518724020426
        ],
        "val_acc": [
            0.8007680972417196,
            0.8424347639083862,
            0.8701073262426589,
            0.870422985818651,
            0.870422985818651,
            0.8738952080408732,
            0.8740004234843783,
            0.8773674302630954,
            0.8738952080408732,
            0.8755260970857408
        ]
    },
    "model_3": {
        "time": [
            0.37275218963623047,
            0.37247729301452637,
            0.37976980209350586,
            0.37723326683044434,
            0.3777499198913574,
            0.3670482635498047,
            0.36661648750305176,
            0.38135480880737305,
            0.36673498153686523,
            0.3655674457550049,
            0.37399935722351074
        ],
        "train_loss": [
            1.1814390134501767,
            0.5835365165363658,
            0.3708257721616076,
            0.2673441773498213,
            0.17846720210917585,
            0.13347898573650943,
            0.09611157352080593,
            0.06812261463469499,
            0.05855934572248877,
            0.04231333314114577,
            0.035415373585344134
        ],
        "val_loss": [
            0.6569894883367751,
            0.43876780403984916,
            0.3642992145485348,
            0.3370109548171361,
            0.3411940352784263,
            0.3320944375462002,
            0.34025632507271236,
            0.3675599561797248,
            0.37995397051175434,
            0.3943856755892436,
            0.39258342650201583
        ],
        "train_acc": [
            0.5639676459423908,
            0.8064217760965422,
            0.8812056400559165,
            0.9156929548684652,
            0.9497838639593744,
            0.9628652597402597,
            0.976262835713176,
            0.9850875866877569,
            0.987012987012987,
            0.990972326947497,
            0.9910714285714286
        ],