{
    "test_loss": [
        0.3447873063404542,
        0.33868566967184893,
        0.3452482336698591,
        0.3465392890260043,
        0.33554977590165785
    ],
    "test_acc": [
        0.8460278132992327,
        0.8499520460662939,
        0.8487851662404092,
        0.8452925192730506,
        0.8510230179028133
    ],
    "model_0": {
        "time": [
            9.24189019203186,
            9.270865440368652,
            9.207209825515747,
            9.184765338897705,
            10.941893100738525,
            13.118118524551392,
            9.281609773635864,
            9.22828221321106,
            9.173622131347656,
            9.175080060958862,
            9.196629524230957,
            9.122910022735596,
            9.07837200164795,
            9.055620670318604,
            9.242095708847046,
            9.129715204238892,
            9.242368698120117,
            9.129164695739746,
            9.130201816558838
        ],
        "train_loss": [
            0.7125794423574751,
            0.5615127648819577,
            0.47640287689864635,
            0.45126704643057153,
            0.4358149311420592,
            0.4200273836031556,
            0.40986570910635317,
            0.40033669803630223,
            0.39586083036424086,
            0.39070601922205905,
            0.3783839743330397,
            0.37084771028127184,
            0.37246122579513624,
            0.36606509560211137,
            0.3541453277946196,
            0.35863844728605315,
            0.35243209142407234,
            0.3469937777739357,
            0.3414037062109194
        ],
        "val_loss": [
            0.6488589838147163,
            0.4537437237799168,
            0.5071606397628784,
            0.4125553295016289,
            0.41717907711863517,
            0.38049488626420497,
            0.37615667916834356,
            0.3559194874018431,
            0.37526118755340576,
            0.3635757192969322,
            0.3532118249684572,
            0.35799144990742204,
            0.3607207491993904,
            0.3512290485203266,
            0.3612946901470423,
            0.35901502016931774,
            0.3666533183306456,
            0.36248414367437365,
            0.354937007650733
        ],
        "train_acc": [
            0.5350329467010769,
            0.7227943497286602,
            0.7790650647472251,
            0.7960858585482294,
            0.8043817076832056,
            0.8109956991604783,
            0.8170424952087078,
            0.8223544034090909,
            0.8261620107699524,
            0.8272964014587078,
            0.8345121133395217,
            0.8359966855496168,
            0.8372494476762685,
            0.8400903567671776,
            0.8472123579545454,
            0.8447462911294266,
            0.846852312203158,
            0.8490372474559329,
            0.8505662090399049
        ],
        "val_acc": [
            0.676171875,
            0.7984375,
            0.7515625,
            0.805078125,
            0.818359375,
            0.83515625,
            0.8375,
            0.8453125,
            0.835546875,
            0.8453125,
            0.844921875,
            0.839453125,
            0.8375,
            0.853515625,
            0.8421875,
            0.84375,
            0.837109375,
            0.843359375,
            0.8421875
        ]
    },
    "model_1": {
        "time": [
            9.248687505722046,
            9.315650701522827,
            9.130047082901001,
            9.08980679512024,
            9.232017517089844,
            9.27933955192566,
            11.131598711013794,
            11.16104245185852,
            10.140659093856812,
            11.236492395401001,
            9.166653871536255,
            9.118661880493164,
            9.131312131881714,
            9.062204837799072,
            9.242803573608398,
            9.130799055099487,
            15.417616128921509,
            18.88603162765503,
            20.13439679145813,
            20.11535954475403,
            19.079999208450317,
            17.670997142791748,
            20.12397813796997,
            20.080421209335327,
            19.78091311454773,
            18.555837631225586,
            18.15643882751465,
            20.887505531311035,
            20.217402935028076
        ],
        "train_loss": [
            0.7112867947329174,
            0.5349006385288455,
            0.4596258773976429,
            0.43528253225270996,
            0.4195580358871005,
            0.4106243566017259,
            0.39215688085691497,
            0.386735178868879,
            0.3802090959877453,
            0.37115438807417045,
            0.3680747276680036,
            0.36197188204493036,
            0.35695196057415823,
            0.34810806188563054,
            0.3392357551916079,
            0.3353872609070756,
            0.3305733947676014,
            0.32365874941884115,
            0.32258107369257644,
            0.31859966430982406,
            0.31036777375265956,
            0.3144147033718499,
            0.3009714933789589,
            0.3064958312633363,
            0.2975910972295837,
            0.29403931651772425,
            0.3000155804594132,
            0.29010967787524516,
            0.2900668465405364
        ],
        "val_loss": [
            0.6517459496855735,
            0.4611756011843681,
            0.401200383156538,
            0.39459065049886705,
            0.38003009557724,
            0.36804438531398775,
            0.364711944386363,
            0.3540289614349604,
            0.3501509513705969,
            0.3501191778108478,
            0.35511549692600963,
            0.34802648490294813,
            0.35964724970981476,
            0.3463188302703202,
            0.3481392621062696,
            0.3466827056836337,
            0.3447395382449031,
            0.3620236057788134,
            0.33828184809535744,
            0.3636629618704319,
            0.33903425210155547,
            0.3414646628778428,
            0.3408132242970169,
            0.337575979786925,
            0.35042513081571086,
            0.36647032864857465,
            0.342135475249961,
            0.3439849468646571,
            0.34311743448488413
        ],
        "train_acc": [
            0.5381697837940671,
            0.7398447363891385,
            0.7921894729476083,
            0.8029711173677986,
            0.8135801372541622,
            0.818241003731435,
            0.8262853141535412,
            0.8323123815723441,
            0.831281565637751,
            0.838748816231435,
            0.8361545139077035,
            0.8409978693181818,
            0.845042219046842,
            0.8502258917486126,
            0.853461371565407,
            0.8551876184276559,
            0.8569730508395217,
            0.8619643702087078,
            0.8636610243808139,
            0.8652393071150238,
            0.8684353298422965,
            0.8663638337430629,
            0.8705314866859805,
            0.8713650173422965,
            0.8740826230496168,
            0.877007378434593,
            0.8726276436989958,
            0.8765240292996168,
            0.8795967488126322
        ],
        "val_acc": [
            0.566015625,
            0.791796875,
            0.821875,
            0.83203125,
            0.837109375,
            0.844921875,
            0.845703125,
            0.850390625,
            0.856640625,
            0.855078125,
            0.846484375,
            0.849609375,
            0.849609375,
            0.854296875,
            0.8484375,
            0.844140625,
            0.858984375,
            0.841015625,
            0.86171875,
            0.841015625,
            0.85234375,
            0.85859375,
            0.857421875,
            0.857421875,
            0.8515625,
            0.838671875,
            0.85859375,
            0.851953125,
            0.853515625
        ]
    },