{
    "test_loss": [
        0.3890923934763876,
        0.39372251722319374,
        0.4057041509398099,
        0.40359015608655996,
        0.4097302884891115
    ],
    "test_acc": [
        0.8215294295343859,
        0.8179622477498548,
        0.8077251787843376,
        0.8116082035262009,
        0.8083754449055113
    ],
    "model_0": {
        "time": [
            3.1348700523376465,
            3.1319549083709717,
            3.1347970962524414,
            3.125035524368286,
            3.120840072631836,
            3.1371591091156006,
            3.1207854747772217
        ],
        "train_loss": [
            0.31976880781699957,
            0.2654324356669203,
            0.2346319541060052,
            0.21978729001338076,
            0.20617426882155354,
            0.1980724048805592,
            0.18957415675754066
        ],
        "val_loss": [
            0.4223795405455998,
            0.4222262565578733,
            0.4587580902235849,
            0.4642558204276221,
            0.4536974387509482,
            0.4809869996138981,
            0.48018119803496767
        ],
        "train_acc": [
            0.8680621414913414,
            0.8959822392602659,
            0.9095784565482115,
            0.9171533817763156,
            0.9236295838198514,
            0.9270963445305824,
            0.9311548737046632
        ],
        "val_acc": [
            0.8055803562913623,
            0.8185267874172756,
            0.8095982159887042,
            0.8066964277199337,
            0.8214285714285714,
            0.8234374991485051,
            0.8180803571428571
        ]
    },
    "model_1": {
        "time": [
            3.138369083404541,
            3.1602840423583984,
            3.1176555156707764,
            3.1215271949768066,
            3.1376912593841553,
            3.1467573642730713
        ],
        "train_loss": [
            0.3209109438071751,
            0.2653701558438916,
            0.23686948148871487,
            0.22071424240989543,
            0.20690218380946723,
            0.19766229836250912
        ],
        "val_loss": [
            0.414800084062985,
            0.44641239089625223,
            0.4602128267288208,
            0.4466463987316404,
            0.45258927025965284,
            0.476982906460762
        ],
        "train_acc": [
            0.8678086641307322,
            0.8947982204778825,
            0.9085105747524939,
            0.9174974556105124,
            0.9240849756592296,
            0.927840392168013
        ],
        "val_acc": [
            0.8223214277199337,
            0.807142857994352,
            0.8156249991485051,
            0.8183035722800663,
            0.8200892848627908,
            0.8241071445601327
        ]
    },
    "model_2": {
        "time": [
            3.1323883533477783,
            3.153707265853882,
            3.120260238647461,
            3.122880697250366,
            3.2223801612854004,
            3.132316827774048
        ],
        "train_loss": [
            0.322577564142297,
            0.2656242903080706,
            0.23988614575889136,
            0.22225361485082482,
            0.2107436681755003,
            0.1963863640497656
        ],
        "val_loss": [
            0.42487300506659914,
            0.42539131215640474,
            0.43193549130644115,
            0.4556936813252313,
            0.4833338920559202,
            0.4679956521306719
        ],
        "train_acc": [
            0.8678746838798177,
            0.8951220546747737,
            0.9093254610818903,
            0.9160700792861726,
            0.9218282560996441,
            0.927627394082015
        ],
        "val_acc": [
            0.8140625017029899,
            0.8104910722800663,
            0.8136160714285714,
            0.8203125,
            0.8174107159887042,
            0.8223214277199337
        ]
    },
    "model_3": {
        "time": [
            3.124020576477051,
            3.148184061050415,
            3.116893768310547,
            3.119443655014038,
            3.115962266921997,
            3.125331163406372
        ],
        "train_loss": [
            0.32178170731957095,
            0.26565745462291906,
            0.24054531397423443,
            0.22122823078802983,
            0.2076951493702134,
            0.19892889823175852
        ],
        "val_loss": [
            0.42782811181885855,
            0.44047546812466215,
            0.46044609376362394,
            0.46237104492528097,
            0.48796410858631134,
            0.48761320752756937
        ],
        "train_acc": [
            0.8677074659442037,
            0.8960627159152006,
            0.9076046100166177,
            0.9174868538975716,
            0.9226633820663462,
            0.9269643049938073
        ],
        "val_acc": [
            0.8111607134342194,
            0.8091517857142857,
            0.8006696445601327,
            0.8069196428571429,
            0.8062500017029899,
            0.8049107151372092
        ]
    },
    "model_4": {
        "time": [
            3.1563782691955566,
            3.121901750564575,
            3.126863956451416,
            3.1116955280303955,
            3.1268773078918457,
            3.131431818008423,
            3.126124143600464
        ],
        "train_loss": [
            0.32037993753087646,
            0.26407224242937377,
            0.2402048694848088,
            0.2181907683572312,
            0.20919968733814945,
            0.19911026369317053,
            0.18958311543167797
        ],
        "val_loss": [
            0.4329665026494435,
            0.429961268390928,
            0.4674663266965321,
            0.4646212267024176,
            0.4730539598635265,
            0.4723959118127823,
            0.5207284625087466
        ],
        "train_acc": [
            0.8673132749110306,
            0.8957249067067482,
            0.9080710854632249,
            0.9167032907741057,
            0.9222990685948436,
            0.9280779669399088,
            0.9307500809585493
        ],
        "val_acc": [
            0.8037946437086377,
            0.817857142005648,
            0.8107142874172756,
            0.8214285714285714,
            0.8104910722800663,
            0.8145089277199337,
            0.8133928562913623
        ]
    },
    "num_param": 115586
}