{
    "test_loss": [
        0.2886320391236364,
        0.28362568037208086,
        0.27919109804017467,
        0.27891982491592615,
        0.282911848762761
    ],
    "test_acc": [
        0.8788762787723785,
        0.8806745524296675,
        0.88119405370844,
        0.8826806266289537,
        0.8796994885825136
    ],
    "model_0": {
        "time": [
            7.233010768890381,
            7.103496313095093,
            7.1539084911346436,
            7.168447017669678,
            7.218878507614136,
            7.171844959259033,
            7.255204439163208,
            7.255889177322388,
            7.263878583908081,
            7.246321439743042,
            7.251848936080933,
            7.269097566604614,
            7.267906188964844
        ],
        "train_loss": [
            0.4945341785946353,
            0.35005891001359984,
            0.3106428435580297,
            0.2836545652032576,
            0.255770972083238,
            0.24185933619314295,
            0.2240452287633988,
            0.20449458124031397,
            0.18908989816819402,
            0.18323303292378446,
            0.17207456507127394,
            0.16088065061591228,
            0.1535184241048145
        ],
        "val_loss": [
            0.34740104228258134,
            0.30460610762238505,
            0.29874150631949303,
            0.2806404951028526,
            0.2703658856451511,
            0.26971124956035053,
            0.275126093858853,
            0.26969523160369135,
            0.28506621046108194,
            0.28455181809258645,
            0.2980366351432167,
            0.29383886308351065,
            0.29152734291856175
        ],
        "train_acc": [
            0.7510110874744979,
            0.8499891493808139,
            0.8666893545199524,
            0.882694128731435,
            0.894792653112249,
            0.902462121268565,
            0.911196930333972,
            0.9189946338195693,
            0.9267874053594741,
            0.9280845565213398,
            0.9324889520013874,
            0.9383729877458378,
            0.9401386916976083
        ],
        "val_acc": [
            0.853125,
            0.869140625,
            0.8734375,
            0.876171875,
            0.88046875,
            0.88359375,
            0.8796875,
            0.88359375,
            0.881640625,
            0.876953125,
            0.88125,
            0.878125,
            0.88671875
        ]
    },
    "model_1": {
        "time": [
            7.174694299697876,
            7.183538913726807,
            7.177099943161011,
            7.2452898025512695,
            7.242192268371582,
            7.22742772102356,
            7.216539621353149,
            7.163155555725098,
            7.244941473007202,
            7.192708730697632,
            7.209826707839966,
            7.221922159194946
        ],
        "train_loss": [
            0.4935642761940306,
            0.35183125255968084,
            0.3119382855736397,
            0.28526252499696886,
            0.25900273088535125,
            0.24501924174414438,
            0.22333013384856962,
            0.21226768087680367,
            0.1999430863440714,
            0.1863970860034566,
            0.17585085419175978,
            0.1686140997546979
        ],
        "val_loss": [
            0.34706988744437695,
            0.3041486183181405,
            0.29285542191937564,
            0.2792035523802042,
            0.2770178307779133,
            0.2706104515120387,
            0.270089744636789,
            0.2762196858646348,
            0.27361885629361493,
            0.283358889259398,
            0.2872002872056328,
            0.3068259984487668
        ],
        "train_acc": [
            0.750858191231435,
            0.8471038510853593,
            0.8664822048422965,
            0.8822847616604783,
            0.8948617030612447,
            0.899468315934593,
            0.9114386048167944,
            0.9160353536294266,
            0.9222350457513874,
            0.9274532434276559,
            0.9311967329545454,
            0.9330709437755021
        ],
        "val_acc": [
            0.852734375,
            0.87578125,
            0.871875,
            0.88359375,
            0.885546875,
            0.88359375,
            0.8890625,
            0.88671875,
            0.884765625,
            0.88828125,
            0.88828125,
            0.878515625
        ]
    },
    "model_2": {
        "time": [
            7.264231443405151,
            7.215488910675049,
            7.2437663078308105,
            7.156189203262329,
            7.153723239898682,
            7.210663795471191,
            7.178769826889038,
            7.244471788406372,
            7.1891930103302,
            7.210477590560913,
            7.191277027130127
        ],
        "train_loss": [
            0.4899472551928325,
            0.3495397643101486,
            0.3105316034264185,
            0.2796094589231705,
            0.2593148525126956,
            0.23442126014693218,
            0.22441306568428196,
            0.20869023812172766,
            0.19392756474289027,
            0.1796430973547765,
            0.17071548642971637
        ],
        "val_loss": [
            0.3335931908339262,
            0.30363587886095045,
            0.2834882469847798,
            0.27596183847635986,
            0.27546459520235655,
            0.27248906195163725,
            0.2986675241962075,
            0.281044078245759,
            0.2943020031088963,
            0.2881293543614447,
            0.2981980822281912
        ],
        "train_acc": [
            0.7512823548167944,
            0.8486574732444503,
            0.872045651924881,
            0.8841293797912922,
            0.893120659684593,
            0.9055693655867468,
            0.9100822679359805,
            0.9171006945385174,
            0.9237146860157902,
            0.9286616161804307,
            0.9333471434021537
        ],
        "val_acc": [
            0.862109375,
            0.880078125,
            0.88515625,
            0.88828125,
            0.8859375,
            0.8859375,
            0.8765625,
            0.888671875,
            0.884375,
            0.885546875,
            0.8828125
        ]
    },
    "model_3": {
        "time": [
            7.232149362564087,
            7.181960105895996,
            7.168538808822632,
            7.2092907428741455,
            7.191451072692871,
            7.1800477504730225,
            7.206205368041992,
            7.2037084102630615,
            7.279197692871094,
            7.23949122428894,
            7.221059799194336
        ],
        "train_loss": [
            0.4899204292080619,
            0.3534007626162334,
            0.30745635702359403,
            0.28312868146564474,
            0.2571918942796236,
            0.23467796630310742,
            0.223355447915806,
            0.2079974892760881,
            0.19200331381183455,
            0.18368453025521542,
            0.1712806270648302
        ],
        "val_loss": [
            0.33883220739662645,
            0.30018445644527675,
            0.2824002796784043,
            0.2869603242725134,
            0.2777429683832452,
            0.2734400474699214,
            0.2786955245304853,
            0.2740630940417759,
            0.2758006893156562,
            0.27574495189473963,
            0.2780454203952104
        ],
        "train_acc": [
            0.7551244871521537,
            0.8480804135853593,
            0.8711874605241147,
            0.884341461583972,
            0.8938950047912922,
            0.9071920375255021,
            0.9093276514587078,
            0.9184520991349762,
            0.9239366320385174,
            0.9288095801391385,
            0.9341066919944503
        ],