{
    "test_loss": [
        0.24370715487748384,
        0.2782318713143468,
        0.23588707856833935,
        0.20868519600480795,
        0.2553875036537647
    ],
    "test_acc": [
        0.9376502484083176,
        0.9220252484083176,
        0.9287860617041588,
        0.9469651505351067,
        0.9109074547886848
    ],
    "model_0": {
        "time": [
            3.8108837604522705,
            3.714470148086548,
            3.718832492828369,
            3.7407257556915283,
            3.74106764793396,
            3.753969192504883,
            3.7658283710479736,
            3.747528314590454,
            3.821604013442993,
            3.798109769821167,
            3.7671027183532715,
            3.813041925430298,
            3.8144028186798096
        ],
        "train_loss": [
            0.8152079663493417,
            0.3899731127085624,
            0.29691104494132003,
            0.2509527544116045,
            0.19104281063010167,
            0.15723274633675427,
            0.16498744361973428,
            0.11315821978420794,
            0.09275537135998731,
            0.09106596672980043,
            0.07261101780580236,
            0.04885875261328244,
            0.06522193077238059
        ],
        "val_loss": [
            0.3630460798740387,
            0.32424375580416787,
            0.332124435239368,
            0.25793112483289504,
            0.29197557518879574,
            0.2794693170322312,
            0.3218614612188604,
            0.22228019146455658,
            0.24935655130280387,
            0.25797540446122486,
            0.35958972242143417,
            0.3519573559363683,
            0.3353918716311455
        ],
        "train_acc": [
            0.6887364085618551,
            0.8625320900570262,
            0.8973403046657513,
            0.9138666561671666,
            0.9368959525962929,
            0.9459236256487957,
            0.9418699029204133,
            0.9609445782450886,
            0.9703828150575812,
            0.9680468509723614,
            0.9762581168831169,
            0.9832612879864582,
            0.9769707035708737
        ],
        "val_acc": [
            0.8871527777777778,
            0.8785774442884657,
            0.897674666510688,
            0.913299666510688,
            0.9116687774658203,
            0.9080913331773546,
            0.8942024442884657,
            0.930660777621799,
            0.9253472222222222,
            0.9236111111111112,
            0.9115635553995768,
            0.9134048885769315,
            0.9115635553995768
        ]
    },
    "model_1": {
        "time": [
            3.7577333450317383,
            3.863996982574463,
            3.847231149673462,
            3.7952873706817627,
            3.812403917312622,
            3.862440347671509,
            3.8548989295959473,
            3.8232760429382324,
            3.885134220123291,
            3.8773767948150635,
            3.871415853500366,
            3.841703414916992,
            3.8851051330566406,
            3.8737878799438477
        ],
        "train_loss": [
            0.8470964869121452,
            0.39357803800663393,
            0.29488914566380636,
            0.23426537138301057,
            0.1913700665939938,
            0.1475785443341577,
            0.13806476269836548,
            0.10628347909198953,
            0.11608315317274688,
            0.0797681319648279,
            0.06211962196492143,
            0.05252870726217697,
            0.060884274010147364,
            0.04140452892737245
        ],
        "val_loss": [
            0.3605453537570106,
            0.27865927086936104,
            0.25847093181477654,
            0.3037916206651264,
            0.27088381267256206,
            0.2637222417526775,
            0.24704298873742422,
            0.270189901192983,
            0.22001886616150537,
            0.2798406117492252,
            0.25794846067825955,
            0.30186833441257477,
            0.25269358832803035,
            0.38976117471853894
        ],
        "train_acc": [
            0.6750462473212898,
            0.8617204017453379,
            0.8966324375821398,
            0.9187509440756464,
            0.9309121107126211,
            0.9482595889599292,
            0.9564755737007439,
            0.964592456817627,
            0.9602272727272727,
            0.9732142857142857,
            0.9801136363636364,
            0.983058365908536,
            0.9796134094139198,
            0.9855925324675324
        ],
        "val_acc": [
            0.8821548885769315,
            0.9010416666666666,
            0.9166666666666666,
            0.8839962151315477,
            0.9080913331773546,
            0.9064604441324869,
            0.9131944444444444,
            0.9167718887329102,
            0.9358691109551324,
            0.9271885553995768,
            0.9254524442884657,
            0.9204545484648811,
            0.9357638888888888,
            0.9168771107991537
        ]
    },
    "model_2": {
        "time": [
            3.882148504257202,
            3.9536821842193604,
            3.88322377204895,
            3.8857882022857666,
            3.8107216358184814,
            3.8795833587646484,
            3.8564963340759277,
            3.8455140590667725,
            3.8680386543273926,
            3.871868848800659,
            3.900420665740967,
            3.9090871810913086,
            3.8424863815307617
        ],
        "train_loss": [
            0.8451561267886843,
            0.4051444675628241,
            0.2962516463035113,
            0.23687668135026832,
            0.2079030435000147,
            0.16732688949673208,
            0.13046088812316392,
            0.09174564563028224,
            0.10650509999847257,
            0.07900398614054377,
            0.08054891044830347,
            0.06439310920049811,
            0.06117684221161263
        ],
        "val_loss": [
            0.3733995755513509,
            0.2799619717730416,
            0.25347070892651874,
            0.2844413502348794,
            0.30645060042540234,
            0.261971578001976,
            0.2684668584002389,
            0.24045440057913461,
            0.2884066899617513,
            0.29266293057137066,
            0.3338328268792894,
            0.2648803972535663,
            0.26837846471203697
        ],
        "train_acc": [
            0.6750462473212898,
            0.8644716476465201,
            0.9037205522710626,
            0.9198504980508383,
            0.9314217760965422,
            0.9409543941547345,
            0.9575892857142857,
            0.969670227595738,
            0.962157391882562,
            0.9730160824664227,
            0.9730113636363636,
            0.9807224025974026,
            0.9788961038961039
        ],
        "val_acc": [
            0.8872579998440213,
            0.9028829998440213,
            0.9029882219102647,
            0.9134048885769315,
            0.9099326663547092,
            0.9080913331773546,
            0.9202441109551324,
            0.9254524442884657,
            0.9029882219102647,
            0.9166666666666666,
            0.9030934373537699,
            0.915035777621799,
            0.9167718887329102
        ]
    },
    "model_3": {
        "time": [
            3.8789045810699463,
            3.9022281169891357,
            3.9622042179107666,
            3.9027576446533203,
            3.8972342014312744,
            3.8977556228637695,
            3.9334678649902344,
            3.8748419284820557,
            3.866166830062866
        ],
        "train_loss": [
            0.8271881767681667,
            0.40617109989965117,
            0.28782138131655655,
            0.24208499104171605,
            0.2011823420497504,
            0.1678806719696754,
            0.1354454208117027,
            0.09822754342979811,
            0.09952530163255605
        ],