{
    "test_loss": [
        0.32821475688753454,
        0.3385045744221786,
        0.32164106903405026,
        0.33782917723573486,
        0.32064572593261453
    ],
    "test_acc": [
        0.8649487207675802,
        0.8636667646210769,
        0.8617159621468906,
        0.8541728586986147,
        0.8747584717027073
    ],
    "model_0": {
        "time": [
            30.928802013397217,
            30.68708324432373,
            29.97694230079651,
            30.02037501335144,
            29.072821140289307,
            31.798397302627563,
            30.16301155090332,
            30.303079843521118,
            30.662514209747314,
            31.363506317138672
        ],
        "train_loss": [
            0.3436049651933612,
            0.2736287952009878,
            0.2350228586851817,
            0.20368002401182303,
            0.1780186461289582,
            0.1578374349589368,
            0.14230021262671702,
            0.1284522873885119,
            0.1195661584361712,
            0.1099317071336886
        ],
        "val_loss": [
            0.3899756691285542,
            0.3948148638010025,
            0.41395490722996847,
            0.4061823572431292,
            0.36305307171174456,
            0.3901393264532089,
            0.4305014929601124,
            0.4227292707988194,
            0.4639955439737865,
            0.4309139283640044
        ],
        "train_acc": [
            0.8493101175276109,
            0.8819865300633747,
            0.9030612933357762,
            0.9172087998124602,
            0.9291810271730695,
            0.9380252667813721,
            0.9447857875357638,
            0.950801778797041,
            0.9536555676571445,
            0.9577646959244897
        ],
        "val_acc": [
            0.8218750017029899,
            0.8361607151372092,
            0.8265625025544848,
            0.8399553596973419,
            0.8627232142857143,
            0.866517858845847,
            0.859375,
            0.8654017874172756,
            0.869642857994352,
            0.8600446454116276
        ]
    },
    "model_1": {
        "time": [
            31.596158027648926,
            30.964205741882324,
            30.664905309677124,
            31.397942304611206,
            29.914589643478394,
            29.977381467819214,
            30.852458000183105,
            30.854798555374146,
            30.626657962799072
        ],
        "train_loss": [
            0.3434491253848829,
            0.27462383310450483,
            0.24027992991991148,
            0.20677366866513006,
            0.1808558803659724,
            0.16433970572504122,
            0.1435163016406906,
            0.13028923783045976,
            0.12223307274696972
        ],
        "val_loss": [
            0.40066830813884735,
            0.37814752544675556,
            0.38020399638584684,
            0.34480369091033936,
            0.3620490665946688,
            0.3966580991234098,
            0.42856224732739584,
            0.4262285360268184,
            0.44269258848258425
        ],
        "train_acc": [
            0.8491674762778949,
            0.8846369587618452,
            0.9011385277917348,
            0.9167587088488545,
            0.9271358600166177,
            0.9356726499110306,
            0.9438542823254136,
            0.9488284141597353,
            0.9532864352041576
        ],
        "val_acc": [
            0.8341517874172756,
            0.8448660714285714,
            0.8424107134342194,
            0.8783482142857143,
            0.8515625,
            0.8555803596973419,
            0.8513392848627908,
            0.8444196454116276,
            0.8473214294229235
        ]
    },
    "model_2": {
        "time": [
            31.32667112350464,
            30.703832626342773,
            30.688297510147095,
            31.44762396812439,
            32.6298143863678,
            37.151963233947754,
            35.262882471084595
        ],
        "train_loss": [
            0.3429772553608362,
            0.2728188297581024,
            0.23298504069408912,
            0.19940152045320045,
            0.17370457406315007,
            0.1558779371429447,
            0.14063600474399143
        ],
        "val_loss": [
            0.3903894211564745,
            0.3627159169742039,
            0.4068763852119446,
            0.4127260808433805,
            0.4190617778471538,
            0.4672746977635792,
            0.401237995496818
        ],
        "train_acc": [
            0.8492845770145327,
            0.8838938749129908,
            0.9030564743928958,
            0.9197387544756727,
            0.9316502629243648,
            0.9390729089783881,
            0.9453934585492227
        ],
        "val_acc": [
            0.8290178562913623,
            0.8464285731315613,
            0.8395089294229235,
            0.8330357159887042,
            0.8464285731315613,
            0.8428571437086377,
            0.8520089302744184
        ]
    },
    "model_3": {
        "time": [
            37.28706097602844,
            37.913390159606934,
            37.27758598327637,
            36.78975248336792,
            37.30190467834473,
            36.73374819755554,
            36.534180879592896
        ],
        "train_loss": [
            0.34396383431715977,
            0.27398215679191246,
            0.23208120534283355,
            0.20040058333745198,
            0.17492177928049948,
            0.15521357496934968,
            0.1399265465367624
        ],
        "val_loss": [
            0.4047581766332899,
            0.35608366238219397,
            0.36624340819461004,
            0.36501643487385343,
            0.45492294643606457,
            0.441341940845762,
            0.4212615638971329
        ],
        "train_acc": [
            0.8479126187649415,
            0.8828423775616705,
            0.9034815067763156,
            0.9201531851461514,
            0.9301775883825332,
            0.939012190066471,
            0.9460912441419814
        ],
        "val_acc": [
            0.8127232151372092,
            0.849107142005648,
            0.8497767874172756,
            0.8553571445601327,
            0.8408482159887042,
            0.8475446445601327,
            0.8564732159887042
        ]
    },
    "model_4": {
        "time": [
            35.31241488456726,
            36.56063199043274,
            35.642194747924805,
            36.19843149185181,
            36.76041603088379,
            36.81680154800415,
            37.274189710617065,
            37.530492305755615,
            36.637481451034546,
            35.53216004371643,
            36.74394869804382
        ],
        "train_loss": [
            0.34299710366894237,
            0.27316413054947253,
            0.2341527874374019,
            0.20185542899941533,
            0.17643126264851483,
            0.15511920276807303,
            0.13977041921863054,
            0.13041731400700007,
            0.11944329507716502,
            0.11130894976366466,
            0.10479811358222149
        ],
        "val_loss": [
            0.4094892867973873,
            0.3862973579338619,
            0.3816581985780171,
            0.4322527050971985,
            0.39743239326136454,
            0.3731215553624289,
            0.3948186987212726,
            0.4486225098371506,
            0.4274613804050854,
            0.4364095851778984,
            0.5520241579839161
        ],
        "train_acc": [
            0.8482668124177913,
            0.8842538513359011,
            0.902403987017629,
            0.9177702088198514,
            0.9300816910331731,
            0.939346625976303,
            0.9455548937533803,
            0.9492587473803233,
            0.9542988989637305,
            0.9580379310281165,
            0.9603144083307197
        ],