{
    "test_loss": [
        0.38457224132685824,
        0.3773199525372735,
        0.3872596328628474,
        0.3824419034966107,
        0.39531472376708326
    ],
    "test_acc": [
        0.8261556173193043,
        0.8342375138710285,
        0.8260441443015789,
        0.8304659621468906,
        0.8229228586986147
    ],
    "model_0": {
        "time": [
            5.383030414581299,
            5.284069061279297,
            5.341341972351074,
            5.302613973617554,
            5.325311899185181,
            5.310787200927734
        ],
        "train_loss": [
            0.2832149846064303,
            0.21519876780335845,
            0.18398399536686086,
            0.16181414065293853,
            0.1499024555123281,
            0.14025325052514961
        ],
        "val_loss": [
            0.40831513489995686,
            0.41027989983558655,
            0.476397876228605,
            0.47370905748435427,
            0.48547946342400145,
            0.48011592988456997
        ],
        "train_acc": [
            0.8847396026312379,
            0.9176396149659404,
            0.9306936991338285,
            0.9400448934633497,
            0.9454686343669891,
            0.9503410860818903
        ],
        "val_acc": [
            0.8113839285714286,
            0.8189732134342194,
            0.8133928562913623,
            0.8129464302744184,
            0.8171875008514949,
            0.8261160722800663
        ]
    },
    "model_1": {
        "time": [
            5.334242820739746,
            5.359353065490723,
            5.3292460441589355,
            5.287176609039307,
            5.293588399887085,
            5.313251256942749
        ],
        "train_loss": [
            0.28618650296172177,
            0.21353153110399764,
            0.1831464211726706,
            0.16207482723442,
            0.14838830721950633,
            0.13827708395984545
        ],
        "val_loss": [
            0.4072369315794536,
            0.40994897910526823,
            0.4532564537865775,
            0.4550722539424896,
            0.4513074521507536,
            0.46701242668288095
        ],
        "train_acc": [
            0.8830703144478057,
            0.9172593989057244,
            0.930996811799126,
            0.9406771411627067,
            0.9465716946001498,
            0.9508220184343467
        ],
        "val_acc": [
            0.8185267874172756,
            0.8390624991485051,
            0.8078124991485051,
            0.8279017848627908,
            0.8357142848627908,
            0.829910716840199
        ]
    },
    "model_2": {
        "time": [
            5.184357643127441,
            5.330129384994507,
            5.310508728027344,
            5.342609882354736,
            4.977336645126343,
            5.7487266063690186
        ],
        "train_loss": [
            0.2851137171639371,
            0.21577370018394268,
            0.18261514329520379,
            0.16383735273380817,
            0.15120909536387675,
            0.13930728093846437
        ],
        "val_loss": [
            0.40636221851621357,
            0.4128417521715164,
            0.42592104950121473,
            0.4482455253601074,
            0.47757222822734285,
            0.47142879026276724
        ],
        "train_acc": [
            0.8832370504891317,
            0.916384757452987,
            0.9319586764654347,
            0.9401393450912416,
            0.945003122708958,
            0.9504981842374555
        ],
        "val_acc": [
            0.8189732134342194,
            0.8296875017029899,
            0.8245535705770765,
            0.8218750017029899,
            0.8296875017029899,
            0.822098216840199
        ]
    },
    "model_3": {
        "time": [
            6.996066570281982,
            8.211432695388794,
            8.179123163223267,
            8.046796321868896,
            6.2976720333099365,
            4.562457084655762
        ],
        "train_loss": [
            0.2850364762276334,
            0.21501263114261812,
            0.18306335277247382,
            0.16478058316749689,
            0.14980436576930856,
            0.13733920185595094
        ],
        "val_loss": [
            0.3991021705525262,
            0.4276704096368381,
            0.41531796753406525,
            0.4664003700017929,
            0.4707569458654949,
            0.45174956747463774
        ],
        "train_acc": [
            0.8836057010478306,
            0.91699146467787,
            0.9318319377658281,
            0.9397812962840876,
            0.9456107937224171,
            0.950862497708958
        ],
        "val_acc": [
            0.8325892857142857,
            0.8229910731315613,
            0.833482142005648,
            0.817857142005648,
            0.8200892848627908,
            0.8375000017029899
        ]
    },
    "model_4": {
        "time": [
            4.59087061882019,
            4.580864906311035,
            4.575849533081055,
            4.5727972984313965,
            4.552439212799072,
            4.566028118133545
        ],
        "train_loss": [
            0.2848986189358824,
            0.2171773206601836,
            0.18352151121895935,
            0.16238569550775955,
            0.14936349852797165,
            0.1380583716585383
        ],
        "val_loss": [
            0.418051615357399,
            0.43662701334272114,
            0.43420135974884033,
            0.43371547013521194,
            0.526539283139365,
            0.49751740268298555
        ],
        "train_acc": [
            0.8836158208664835,
            0.916146700748199,
            0.930724540484075,
            0.9398424970902928,
            0.9462228017844685,
            0.9508567149388976
        ],
        "val_acc": [
            0.8133928562913623,
            0.8200892848627908,
            0.8109375025544848,
            0.8174107159887042,
            0.8151785731315613,
            0.829910716840199
        ]
    },
    "num_param": 10503902
}