{
    "test_loss": [
        0.4029912116198704,
        0.43936622810774834,
        0.4102981352600558,
        0.38287424835665473,
        0.39005121177640456
    ],
    "test_acc": [
        0.8279949467757652,
        0.8105306173193043,
        0.8402757130820175,
        0.8324167646210769,
        0.8255053511981306
    ],
    "model_0": {
        "time": [
            53.502727031707764,
            53.957947731018066,
            54.20152974128723,
            55.001222133636475,
            54.195027351379395,
            54.39609909057617
        ],
        "train_loss": [
            0.2857084111334669,
            0.18174448880062974,
            0.14093187150130423,
            0.11944331648280612,
            0.10266257056947121,
            0.09201612308442862
        ],
        "val_loss": [
            0.455535318170275,
            0.4822130288396563,
            0.6799689382314682,
            0.565341979265213,
            0.6647931401218686,
            0.9815806512321744
        ],
        "train_acc": [
            0.8827358785379736,
            0.9331373943720457,
            0.949182607812585,
            0.9582456282383419,
            0.9648485689814844,
            0.9683958063471503
        ],
        "val_acc": [
            0.8200892848627908,
            0.822767857994352,
            0.7843749991485051,
            0.8205357151372092,
            0.8055803562913623,
            0.7743303562913623
        ]
    },
    "model_1": {
        "time": [
            54.00175881385803,
            54.44013237953186,
            54.041276693344116,
            53.99346160888672,
            53.676273822784424,
            54.02139949798584
        ],
        "train_loss": [
            0.28683669758970254,
            0.18061278921846358,
            0.14186948991122467,
            0.11884620071689168,
            0.10223021902870194,
            0.09398565133532914
        ],
        "val_loss": [
            0.4884989538363048,
            0.5276108128683907,
            0.5895570346287319,
            0.6403429529496601,
            0.612343464578901,
            0.757177152803966
        ],
        "train_acc": [
            0.8823416875048005,
            0.9334361699887508,
            0.949218268105712,
            0.9581892464136212,
            0.9642105385120668,
            0.9687649388001373
        ],
        "val_acc": [
            0.7997767882687705,
            0.8107142874172756,
            0.8078124991485051,
            0.8127232151372092,
            0.8245535705770765,
            0.8051339302744184
        ]
    },
    "model_2": {
        "time": [
            53.99150037765503,
            51.990527629852295,
            52.09614372253418,
            51.78725838661194,
            48.079463720321655,
            37.81474447250366,
            37.76453971862793
        ],
        "train_loss": [
            0.28459311158449385,
            0.18124706577268365,
            0.14117860059263523,
            0.11711888673891424,
            0.1035712607460666,
            0.09420412297570509,
            0.08325379712575288
        ],
        "val_loss": [
            0.45250205057007925,
            0.44402509395565304,
            0.5849703656775611,
            0.6845300155026572,
            0.5735780362571988,
            0.6575043265308652,
            0.6762129770857948
        ],
        "train_acc": [
            0.8836765397784005,
            0.9337701240042948,
            0.9495372833597228,
            0.9587858338198514,
            0.9643878762663337,
            0.9674941786984705,
            0.9723777140592046
        ],
        "val_acc": [
            0.8232142882687705,
            0.8319196445601327,
            0.8069196428571429,
            0.7921874991485051,
            0.8102678571428571,
            0.8136160714285714,
            0.8154017882687705
        ]
    },
    "model_3": {
        "time": [
            37.678205490112305,
            37.60368776321411,
            37.75231909751892,
            37.47004723548889,
            37.41548776626587,
            37.47002291679382
        ],
        "train_loss": [
            0.2845073190947194,
            0.18231534049725595,
            0.14171895548131877,
            0.11852957745000643,
            0.10426500788919985,
            0.09241555820320554
        ],
        "val_loss": [
            0.42188616522720884,
            0.5836786159447261,
            0.5518341958522797,
            0.6317579054406711,
            0.6372856870293617,
            0.7179255251373563
        ],
        "train_acc": [
            0.883752197451851,
            0.9320907160022098,
            0.9490867104632249,
            0.9580576887711342,
            0.9639580249400337,
            0.968856017168013
        ],
        "val_acc": [
            0.8303571428571429,
            0.7959821437086377,
            0.8156249991485051,
            0.7964285739830562,
            0.8122767848627908,
            0.8095982159887042
        ]
    },
    "model_4": {
        "time": [
            37.47789144515991,
            37.52406716346741,
            37.46494221687317,
            37.408419609069824,
            37.43285512924194,
            37.496387004852295
        ],
        "train_loss": [
            0.2845859120604751,
            0.1803598592897462,
            0.1413462965488627,
            0.11983842630943023,
            0.10492397003042285,
            0.09271831644989714
        ],
        "val_loss": [
            0.4435990346329553,
            0.5371294660227639,
            0.5749060639313289,
            0.6743245806012835,
            0.8088886929409844,
            0.6237286244119916
        ],
        "train_acc": [
            0.8838885740758223,
            0.9335378500695674,
            0.9494866842664585,
            0.9585588607222922,
            0.9628752043441787,
            0.9682083487742306
        ],
        "val_acc": [
            0.8107142874172756,
            0.8087053596973419,
            0.811830358845847,
            0.7966517848627908,
            0.7794642874172756,
            0.8176339311259133
        ]
    },
    "num_param": 10863902
}