{
    "test_loss": [
        0.26562095667852464,
        0.26798069907728667,
        0.2739537460610385,
        0.268984215281656,
        0.270925674616071
    ],
    "test_acc": [
        0.8882912405006721,
        0.8867726983011835,
        0.8892103581477309,
        0.8890505116004164,
        0.8890105499635876
    ],
    "model_0": {
        "time": [
            14.385545253753662,
            14.453887939453125,
            14.49272871017456,
            14.522776126861572,
            14.38742184638977,
            14.610096216201782,
            14.684281349182129,
            14.669038534164429,
            14.706132650375366
        ],
        "train_loss": [
            0.4683221400376748,
            0.3152567276900465,
            0.26706105858002877,
            0.22655365314461628,
            0.19491553861139851,
            0.17144320835359395,
            0.14355454532514242,
            0.1256260568149049,
            0.11351596005260944
        ],
        "val_loss": [
            0.3119694575667381,
            0.2789317178539932,
            0.2639341770671308,
            0.2600509417708963,
            0.26368906772695483,
            0.2652032471494749,
            0.2828624036512338,
            0.2731485103722662,
            0.30540137791685995
        ],
        "train_acc": [
            0.7692945076322014,
            0.8664674084972251,
            0.8888099747286602,
            0.9079318576577035,
            0.9225507022982294,
            0.9337565104731105,
            0.946264401924881,
            0.9509795218367468,
            0.9578746448863636
        ],
        "val_acc": [
            0.874609375,
            0.88203125,
            0.8875,
            0.889453125,
            0.8921875,
            0.8953125,
            0.8859375,
            0.89453125,
            0.887109375
        ]
    },
    "model_1": {
        "time": [
            14.64877200126648,
            14.763515710830688,
            14.659111499786377,
            14.836135149002075,
            14.646826028823853,
            14.84301209449768,
            14.797617435455322,
            14.634283781051636,
            14.709891080856323,
            14.718768835067749
        ],
        "train_loss": [
            0.46719784094867384,
            0.3214695012535561,
            0.2642540494191714,
            0.23587121363644573,
            0.19820338088638065,
            0.1697120229628953,
            0.14584683235311371,
            0.1262006873836402,
            0.11440232472324913,
            0.106488481574078
        ],
        "val_loss": [
            0.3045042023062706,
            0.27509689712896945,
            0.2682193356566131,
            0.27044762200675904,
            0.26127486969344316,
            0.26641975683160124,
            0.2687965605407953,
            0.28143237440381197,
            0.3136961707088631,
            0.3039001508499496
        ],
        "train_acc": [
            0.7672378077087078,
            0.8620235559276559,
            0.8923117897727273,
            0.9025952888822014,
            0.9212190261618658,
            0.9347675979476083,
            0.9441337201066993,
            0.9527452257885174,
            0.9575293954800476,
            0.9612679530612447
        ],
        "val_acc": [
            0.875,
            0.88515625,
            0.884375,
            0.886328125,
            0.894140625,
            0.891015625,
            0.893359375,
            0.891796875,
            0.887109375,
            0.894140625
        ]
    },
    "model_2": {
        "time": [
            14.5828115940094,
            14.766818523406982,
            14.826042890548706,
            14.844187498092651,
            14.908390760421753,
            14.800285339355469,
            14.748801231384277,
            14.724524021148682,
            14.716898441314697,
            14.722175598144531,
            16.24648118019104
        ],
        "train_loss": [
            0.46512416297231207,
            0.3186933533711867,
            0.2674391050399704,
            0.23388351565650242,
            0.19849865608425302,
            0.17109247439921918,
            0.1478836633296768,
            0.13119103412397884,
            0.11513759292640978,
            0.09870227676054294,
            0.09433308088178323
        ],
        "val_loss": [
            0.30858061760663985,
            0.28472671918570996,
            0.2702361872419715,
            0.307086677942425,
            0.282548221712932,
            0.26386304972693325,
            0.2881204812321812,
            0.3243295974098146,
            0.28552750232629476,
            0.32175556356087326,
            0.31407121559022927
        ],
        "train_acc": [
            0.7725299874489958,
            0.8640703914517706,
            0.887433909387751,
            0.9041735716164112,
            0.9195618292486126,
            0.9342694522982294,
            0.9435911852527749,
            0.9500621448863636,
            0.9572531960227273,
            0.9643653329800476,
            0.965884430333972
        ],
        "val_acc": [
            0.8734375,
            0.880859375,
            0.88359375,
            0.86875,
            0.88125,
            0.8921875,
            0.88359375,
            0.878125,
            0.898046875,
            0.88515625,
            0.89453125
        ]
    },
    "model_3": {
        "time": [
            14.75962519645691,
            14.687260627746582,
            14.73851728439331,
            14.72156310081482,
            14.654485702514648,
            14.865432739257812,
            14.850925922393799,
            14.684837818145752,
            14.714384317398071,
            14.687805414199829
        ],
        "train_loss": [
            0.4721575785766948,
            0.3196890310976993,
            0.2743355773855001,
            0.23094986413012852,
            0.20191880595997314,
            0.17365442689465868,
            0.15116797617255626,
            0.12697229409505698,
            0.11299525533898057,
            0.10237371745858002
        ],
        "val_loss": [
            0.31472294628620145,
            0.2825907570309937,
            0.2667242747731507,
            0.2627603949978948,
            0.2582140604965389,
            0.27877153328154236,
            0.2774445151677355,
            0.2989604148780927,
            0.3098733897670172,
            0.3008979129837826
        ],
        "train_acc": [
            0.7669912011108615,
            0.8650962752713398,
            0.8852933633395217,
            0.9062598642300476,
            0.919606218453158,
            0.9327503551136364,
            0.9426590119573203,
            0.9496281170709566,
            0.957983151924881,
            0.9636008522727273
        ],
        "val_acc": [
            0.86640625,
            0.88046875,
            0.891015625,
            0.8875,
            0.89296875,
            0.891796875,
            0.890234375,
            0.891015625,
            0.880078125,
            0.890625
        ]
    },
    "model_4": {
        "time": [
            14.80709195137024,
            14.715643644332886,
            14.804469108581543,
            14.80566692352295,
            15.36360216140747,
            15.211904287338257,
            15.04585337638855,
            15.015827178955078,
            15.336519479751587,
            14.917990922927856,
            15.023619890213013
        ],
        "train_loss": [
            0.4732366798191585,
            0.31607762910425663,
            0.2700651879845695,
            0.23559552543288606,
            0.19910298328084702,
            0.17271346211518077,
            0.1510786059397188,
            0.13076936880084264,
            0.11374088602712039,
            0.10251231165602803,
            0.09459610282845626
        ],