{
    "test_loss": [
        0.26498207297471477,
        0.26807021315369156,
        0.27562572686073117,
        0.2614984906199948,
        0.26007646689062835
    ],
    "test_acc": [
        0.8920476343625646,
        0.8925271740045084,
        0.8959239131349432,
        0.8957640665876286,
        0.8953644502193422
    ],
    "model_0": {
        "time": [
            51.546019315719604,
            51.07423424720764,
            51.31682586669922,
            51.95866894721985,
            52.157021284103394,
            52.00128197669983,
            51.84803247451782,
            51.58002257347107,
            51.94476938247681
        ],
        "train_loss": [
            0.5145664398812435,
            0.3219179409048097,
            0.24187447147613222,
            0.17560597165191377,
            0.12208921553313055,
            0.08357895741937682,
            0.06666421255001544,
            0.05504113777979827,
            0.049782714840231085
        ],
        "val_loss": [
            0.3158323684707284,
            0.26487284777686,
            0.2490962827578187,
            0.24744884087704122,
            0.2666279387893155,
            0.2774564229534008,
            0.299137993529439,
            0.3169044402311556,
            0.34874609843118376
        ],
        "train_acc": [
            0.7478298610922965,
            0.8624033301391385,
            0.902116871862249,
            0.9312805792486126,
            0.9546095723794266,
            0.9693911774930629,
            0.9759065261618658,
            0.9804342250255021,
            0.9833096590909091
        ],
        "val_acc": [
            0.866015625,
            0.892578125,
            0.90234375,
            0.897265625,
            0.898046875,
            0.89921875,
            0.90078125,
            0.8984375,
            0.90390625
        ]
    },
    "model_1": {
        "time": [
            52.026233434677124,
            51.81129312515259,
            51.949158906936646,
            51.63413071632385,
            52.46138095855713,
            52.42537045478821,
            51.987321853637695,
            52.161699533462524,
            51.59826111793518
        ],
        "train_loss": [
            0.5177598353052004,
            0.3270244564099068,
            0.24527092081155966,
            0.17767914399419996,
            0.12395338284973563,
            0.08975941063677469,
            0.06253521238051524,
            0.05344887383067875,
            0.046595819117845334
        ],
        "val_loss": [
            0.3225918830372393,
            0.26113619180396197,
            0.2785297335125506,
            0.24931650848593562,
            0.2646692676207749,
            0.2735283693305973,
            0.30048853452899493,
            0.32036292979264547,
            0.33305947135363567
        ],
        "train_acc": [
            0.7460986821150238,
            0.8596561315723441,
            0.8995373658835888,
            0.9323607165027749,
            0.9548759076066993,
            0.9676945233209566,
            0.9778497869318182,
            0.9806463068181818,
            0.9833540482954546
        ],
        "val_acc": [
            0.85625,
            0.89921875,
            0.88515625,
            0.899609375,
            0.89453125,
            0.901953125,
            0.895703125,
            0.901953125,
            0.9015625
        ]
    },
    "model_2": {
        "time": [
            51.79361343383789,
            52.20470309257507,
            51.6708459854126,
            51.947091817855835,
            51.895440101623535,
            52.09699559211731,
            52.12182354927063,
            51.921380043029785,
            52.09800434112549,
            51.581506967544556
        ],
        "train_loss": [
            0.5284501266327094,
            0.3229232727634636,
            0.24588458314114672,
            0.17378360666969622,
            0.11323023545661602,
            0.08334674743342806,
            0.06320558323403186,
            0.05168650686391629,
            0.04922250582041505,
            0.0398556688748861
        ],
        "val_loss": [
            0.29746895264834167,
            0.26245835423469543,
            0.27855099507141856,
            0.2496936247800477,
            0.2486238468438387,
            0.2655663667974295,
            0.29932770259911196,
            0.3175758788620442,
            0.3620697039354127,
            0.37136829823257356
        ],
        "train_acc": [
            0.7370038272982294,
            0.8628965435041622,
            0.8996212121776559,
            0.9319809422912922,
            0.957583649083972,
            0.9699682371521537,
            0.9773713699118658,
            0.9828756312755021,
            0.9815883443436839,
            0.9857165403664112
        ],
        "val_acc": [
            0.880078125,
            0.895703125,
            0.87890625,
            0.8984375,
            0.90546875,
            0.903125,
            0.905859375,
            0.8953125,
            0.89765625,
            0.8953125
        ]
    },
    "model_3": {
        "time": [
            51.77292847633362,
            51.78769063949585,
            52.41816067695618,
            51.45076322555542,
            51.62110137939453,
            51.86237931251526,
            51.511619329452515,
            51.898942708969116,
            51.40211772918701
        ],
        "train_loss": [
            0.5242373862049796,
            0.3275333947756074,
            0.24672044792466544,
            0.1676172104621814,
            0.12012671750165861,
            0.08016343429070813,
            0.06461479283990973,
            0.05464939184854633,
            0.04106678066289698
        ],
        "val_loss": [
            0.30964390076696874,
            0.26876370748504996,
            0.26250563450157643,
            0.24840928518678992,
            0.2713456114928704,
            0.29391824547783474,
            0.31438182541314746,
            0.3470936412104493,
            0.3567136997669877
        ],
        "train_acc": [
            0.7463650173422965,
            0.8612689394503832,
            0.8998875474049286,
            0.9339143386618658,
            0.9548857718367468,
            0.9713344380936839,
            0.9770162562755021,
            0.9798029119318182,
            0.9860174005681818
        ],
        "val_acc": [
            0.873046875,
            0.8859375,
            0.889453125,
            0.89921875,
            0.893359375,
            0.8984375,
            0.896484375,
            0.89140625,
            0.8984375
        ]
    },
    "model_4": {
        "time": [
            52.12187743186951,
            51.89218068122864,
            52.03470420837402,
            52.20942425727844,
            51.72799777984619,
            52.109296560287476,
            51.60857653617859,
            51.2936635017395,
            52.02758979797363
        ],
        "train_loss": [
            0.5069437087513506,
            0.32680988938293676,
            0.24581957489929415,
            0.17120707395952195,
            0.11865984065860341,
            0.08313849272566255,
            0.06270210987978234,
            0.05538337277010379,
            0.045029047404982106
        ],
        "val_loss": [
            0.34885362796485425,
            0.2587684117257595,
            0.24942869052756578,
            0.23639765745028854,
            0.2456432509701699,
            0.2752465375226166,
            0.2993399248134665,
            0.3278600613110029,
            0.3433559414486808
        ],
        "train_acc": [
            0.7505129419944503,
            0.8600605666976083,
            0.9010663272982294,
            0.9336775962940671,
            0.9541459517045454,
            0.9689670139077035,
            0.9763504182073203,
            0.9801678897982294,
            0.9847745028409091
        ],