{
    "test_loss": [
        0.37233974877744913,
        0.3514606668613851,
        0.3772025974467397,
        0.38645978830754757,
        0.3937218440696597
    ],
    "test_acc": [
        0.8635817319154739,
        0.8713942319154739,
        0.8470552936196327,
        0.8568209186196327,
        0.8466045707464218
    ],
    "model_0": {
        "time": [
            1.1679697036743164,
            1.1645925045013428,
            1.1735293865203857,
            1.167755126953125,
            1.1822357177734375,
            1.1567494869232178,
            1.1743996143341064,
            1.1588397026062012,
            1.1654088497161865,
            1.1772127151489258
        ],
        "train_loss": [
            1.0946583391784073,
            0.5925295391640106,
            0.3757560322811077,
            0.2647596835703045,
            0.18037724369145058,
            0.12400670020611256,
            0.09050816568461331,
            0.0640848707165811,
            0.05263969916608426,
            0.03891684576965772
        ],
        "val_loss": [
            0.6950004034572177,
            0.5719801816675398,
            0.49529300298955703,
            0.46963899830977124,
            0.45146679712666404,
            0.4847272402710385,
            0.5053186664978663,
            0.49258246686723495,
            0.5301918453640408,
            0.47034282485644024
        ],
        "train_acc": [
            0.5712681211434402,
            0.7862381075883841,
            0.8798842871343935,
            0.9194493734991396,
            0.9474479006482409,
            0.9656070672072373,
            0.9761590152591854,
            0.9840729762981464,
            0.9852905087656789,
            0.9913781711033413
        ],
        "val_acc": [
            0.7217487361696031,
            0.780460860994127,
            0.8133417500389947,
            0.8202861944834391,
            0.8239688608381484,
            0.8135521941714816,
            0.8222327497270372,
            0.8239688608381484,
            0.8204966386159261,
            0.8324389722612169
        ]
    },
    "model_1": {
        "time": [
            1.170877456665039,
            1.1857953071594238,
            1.1589059829711914,
            1.1642460823059082,
            1.189772605895996,
            1.1645619869232178,
            1.1890976428985596,
            1.162736415863037,
            1.162285327911377,
            1.1634395122528076,
            1.1626520156860352
        ],
        "train_loss": [
            1.0992142960622713,
            0.5883355976699235,
            0.395000174254566,
            0.2685981903757368,
            0.17794297480738008,
            0.12190877805863108,
            0.0852417147343422,
            0.05990271433558944,
            0.05426527749650277,
            0.04847900129177354,
            0.03683343118467888
        ],
        "val_loss": [
            0.711170107126236,
            0.5603829423586527,
            0.5624497963322533,
            0.4951963689592149,
            0.49977398580975,
            0.4749177313513226,
            0.486235284143024,
            0.5255104336473677,
            0.4976439144876268,
            0.5211726725101471,
            0.5814542969067892
        ],
        "train_acc": [
            0.572202506777528,
            0.7880644062896828,
            0.8702384094139198,
            0.9171134094139198,
            0.95028880973915,
            0.968547077922078,
            0.9785940801942503,
            0.9853896103896104,
            0.9859039938295042,
            0.9882305194805194,
            0.992288961038961
        ],
        "val_acc": [
            0.7150147358576456,
            0.7893518540594313,
            0.7821969721052382,
            0.809974749883016,
            0.8032407429483202,
            0.8171296318372091,
            0.8272306389278836,
            0.8134469721052382,
            0.8239688608381484,
            0.8291771941714816,
            0.8118160830603706
        ]
    },
    "model_2": {
        "time": [
            1.183708667755127,
            1.183502435684204,
            1.1916923522949219,
            1.1944303512573242,
            1.1766078472137451,
            1.1871919631958008,
            1.1797163486480713,
            1.1846354007720947,
            1.1787288188934326,
            1.174957275390625,
            1.1973130702972412,
            1.1650583744049072
        ],
        "train_loss": [
            1.075718583998742,
            0.570548237144173,
            0.3838612073427671,
            0.24628148847199105,
            0.16228697390912414,
            0.11696086611066546,
            0.09444253853002152,
            0.07197137514443754,
            0.04706481994166003,
            0.04130760042069407,
            0.03385532403050305,
            0.030568845975273227
        ],
        "val_loss": [
            0.6997680399152968,
            0.5755718714661069,
            0.5542649957868788,
            0.4786062075032128,
            0.5115607976913452,
            0.4631534069776535,
            0.4366928040981293,
            0.4570387370056576,
            0.45855844020843506,
            0.48978958527247113,
            0.5324693653318617,
            0.49203016029463875
        ],
        "train_acc": [
            0.5809517518266455,
            0.7940529670034137,
            0.8759296660299425,
            0.9219835392840496,
            0.9525209525962929,
            0.9659090909090909,
            0.9733181061682763,
            0.9814349892851594,
            0.9890422077922078,
            0.9905664827916529,
            0.9918831168831169,
            0.9931006493506493
        ],
        "val_acc": [
            0.7459490762816535,
            0.7840383052825928,
            0.7909827497270372,
            0.8203914165496826,
            0.803135527504815,
            0.827335860994127,
            0.8394886387719048,
            0.8290719721052382,
            0.8307028611501058,
            0.8239688608381484,
            0.825599749883016,
            0.825599749883016
        ]
    },
    "model_3": {
        "time": [
            1.185607671737671,
            1.184145450592041,
            1.2019305229187012,
            1.1864724159240723,
            1.1998412609100342,
            1.1780390739440918,
            1.181532859802246,
            1.1632404327392578,
            1.169039011001587,
            1.1873228549957275
        ],
        "train_loss": [
            1.0982585843507346,
            0.5995324664301687,
            0.39170157793280364,
            0.2714918311927226,
            0.167510285005941,
            0.123260206893667,
            0.0890580593765556,
            0.06735289128279531,
            0.05626461848423078,
            0.044737242851648235
        ],
        "val_loss": [
            0.7287360495991178,
            0.5785631404982673,
            0.5443780190414853,
            0.4769888636138704,
            0.4682845407062107,
            0.5158389939202203,
            0.5167878369490305,
            0.5283578634262085,
            0.5012552771303389,
            0.5406231251027849
        ],
        "train_acc": [
            0.5749112808859194,
            0.7887769929774395,
            0.8712577394076756,
            0.9108275446024808,
            0.9509966775968477,
            0.9665178571428571,
            0.9770745240248643,
            0.9848846646098347,
            0.9853896103896104,
            0.9899577165578867
        ],
        "val_acc": [
            0.7111216386159261,
            0.7840383052825928,
            0.7826178471247355,
            0.8152883052825928,
            0.8239688608381484,
            0.809974749883016,
            0.818760527504815,
            0.8238636387719048,
            0.8271254234843783,
            0.8274410830603706
        ]
    },