{
    "test_loss": [
        0.24763526441529393,
        0.28068896755576134,
        0.26112159807235,
        0.28577329427935183,
        0.2750895363278687
    ],
    "test_acc": [
        0.9024939984083176,
        0.8961839005351067,
        0.8981370255351067,
        0.8903245255351067,
        0.9079026505351067
    ],
    "model_0": {
        "time": [
            1.2941339015960693,
            1.2759721279144287,
            1.2980749607086182,
            1.2821359634399414,
            1.2946038246154785,
            1.270681381225586,
            1.298954725265503,
            1.2763278484344482,
            1.2723119258880615,
            1.2762503623962402,
            1.2801482677459717,
            1.2917332649230957
        ],
        "train_loss": [
            0.9454435357799778,
            0.4346781028555585,
            0.250847685259658,
            0.1608096146835135,
            0.10279093600519291,
            0.06823863996217003,
            0.05401848510585048,
            0.03718770306267134,
            0.03502905723191314,
            0.03103783836757595,
            0.028201396619393068,
            0.020812546758755268
        ],
        "val_loss": [
            0.5821360217200385,
            0.44549494981765747,
            0.39129919475979275,
            0.37682106759813094,
            0.39188021752569413,
            0.36778860290845233,
            0.3574036591582828,
            0.37638885776201886,
            0.3920644190576341,
            0.3977113862832387,
            0.3922266844246123,
            0.43181355131997
        ],
        "train_acc": [
            0.6383739806614913,
            0.8544199257702022,
            0.9220920793421856,
            0.9524265705765068,
            0.9704819159074263,
            0.9832612879864582,
            0.9862012987012987,
            0.9916801948051948,
            0.9912743506493507,
            0.9917840152591854,
            0.9918831168831169,
            0.9946249243500945
        ],
        "val_acc": [
            0.7805660830603706,
            0.8290719721052382,
            0.8496948679288229,
            0.8634785413742065,
            0.854587541686164,
            0.863373319307963,
            0.8669507635964288,
            0.8719486527972751,
            0.8736847639083862,
            0.8668455415301852,
            0.8653198679288229,
            0.8600063191519843
        ]
    },
    "model_1": {
        "time": [
            1.2871253490447998,
            1.2886323928833008,
            1.289416790008545,
            1.2893075942993164,
            1.2901051044464111,
            1.2796225547790527,
            1.2789838314056396,
            1.2751905918121338,
            1.2896788120269775
        ],
        "train_loss": [
            0.9113243543482447,
            0.4129989189761026,
            0.2539763827989628,
            0.1564163098764884,
            0.09720463692754894,
            0.06546259257797298,
            0.051561404527588325,
            0.03443837666569592,
            0.031975253769377994
        ],
        "val_loss": [
            0.5242009626494514,
            0.4172213739818997,
            0.38793452084064484,
            0.34660767681068844,
            0.38346777690781486,
            0.3693233331044515,
            0.3628901541233063,
            0.35827819837464225,
            0.4027541975180308
        ],
        "train_acc": [
            0.6553580869327892,
            0.8574637569390334,
            0.9184347631095292,
            0.9545501733755136,
            0.9729122620124322,
            0.9843797188300591,
            0.9882305194805194,
            0.9925957035708737,
            0.9914772727272727
        ],
        "val_acc": [
            0.8219170901510451,
            0.8444865345954895,
            0.8651094304190742,
            0.8842066526412964,
            0.8495896524853177,
            0.8771569861306084,
            0.8806292083528307,
            0.8843118747075399,
            0.8703177637524075
        ]
    },
    "model_2": {
        "time": [
            1.277862548828125,
            1.3045434951782227,
            1.2886016368865967,
            1.3048930168151855,
            1.2882673740386963,
            1.317718267440796,
            1.2840092182159424,
            1.3002586364746094,
            1.28955078125,
            1.2825796604156494
        ],
        "train_loss": [
            0.9212881825961076,
            0.4322483971134409,
            0.24931472307675845,
            0.16138424975918486,
            0.10185278182873478,
            0.0689400044789949,
            0.05208803481095797,
            0.03949352582408623,
            0.033949913348180136,
            0.028724027997148887
        ],
        "val_loss": [
            0.551572730143865,
            0.42490707172287834,
            0.38191205594274735,
            0.3685497111744351,
            0.35945632888211143,
            0.3719077126847373,
            0.40989743173122406,
            0.40215155316723716,
            0.3885250555144416,
            0.41242524484793347
        ],
        "train_acc": [
            0.6539517896515983,
            0.8513666561671666,
            0.9250273704528809,
            0.9541490488238149,
            0.9683488746742149,
            0.9825487012987013,
            0.98833433993451,
            0.9908685064935064,
            0.9914772727272727,
            0.9941152597402597
        ],
        "val_acc": [
            0.7909827497270372,
            0.8546927637524075,
            0.8685816526412964,
            0.8652146524853177,
            0.8634785413742065,
            0.8685816526412964,
            0.877262208196852,
            0.8720538748635186,
            0.8719486527972751,
            0.8822601040204366
        ]
    },
    "model_3": {
        "time": [
            1.44870924949646,
            1.3238482475280762,
            1.3177990913391113,
            1.3068578243255615,
            1.2992019653320312,
            1.3401989936828613,
            1.296351671218872,
            1.3082547187805176,
            1.2992117404937744
        ],
        "train_loss": [
            0.9272460147931978,
            0.42667978885885954,
            0.25149331338606873,
            0.15924425036102147,
            0.10118999736165846,
            0.07111894762651487,
            0.051137894561344925,
            0.038123021894074106,
            0.028557179265885385
        ],
        "val_loss": [
            0.5498378111256493,
            0.4460490213500129,
            0.39035380714469486,
            0.3638846062951618,
            0.3782917691601647,
            0.3953574233584934,
            0.3733935985300276,
            0.40313887264993453,
            0.4133969512250688
        ],
        "train_acc": [
            0.6499877301129428,
            0.8545237462241928,
            0.9190435293432954,
            0.9520112879864582,
            0.9718976516228217,
            0.9809253246753247,
            0.9874188311688312,
            0.9927986256487957,
            0.9943181818181818
        ],
        "val_acc": [
            0.7998737361696031,
            0.8428556389278836,
            0.8496948679288229,
            0.8719486527972751,
            0.8668455415301852,
            0.8549032012621561,
            0.870422985818651,
            0.8653198679288229,
            0.856849749883016
        ]
    },
    "model_4": {
        "time": [
            1.318298101425171,
            1.3166520595550537,
            1.3151767253875732,
            1.346057415008545,
            1.316960334777832,
            1.3801240921020508,
            1.3262779712677002,
            1.334806203842163,
            1.3435759544372559,
            1.3297302722930908
        ],