{
    "test_loss": [
        0.38632758115899973,
        0.3968659783231801,
        0.4007235416050615,
        0.39018144227307416,
        0.41460653728452224
    ],
    "test_acc": [
        0.8265829374050272,
        0.829499851013052,
        0.8141906960257168,
        0.8278834717027073,
        0.8139863260861101
    ],
    "model_0": {
        "time": [
            3.0725369453430176,
            3.0871150493621826,
            3.0338921546936035,
            3.0517706871032715,
            3.0620594024658203,
            3.0695855617523193
        ],
        "train_loss": [
            0.30278221038628583,
            0.24533830844155402,
            0.21814119531604137,
            0.20115569879064443,
            0.18825173465091097,
            0.17921676590478947
        ],
        "val_loss": [
            0.40263462918145315,
            0.4105128752333777,
            0.4584190717765263,
            0.442115734730448,
            0.4675543095384325,
            0.42924429156950544
        ],
        "train_acc": [
            0.874761461439528,
            0.9038357004291653,
            0.9162782583906861,
            0.9238430638001373,
            0.9302383072944502,
            0.9341792537990011
        ],
        "val_acc": [
            0.8218750017029899,
            0.8107142874172756,
            0.8053571454116276,
            0.8095982159887042,
            0.8089285705770765,
            0.828125
        ]
    },
    "model_1": {
        "time": [
            3.0631229877471924,
            3.064929246902466,
            3.0635392665863037,
            3.08134126663208,
            3.058605670928955,
            3.0622010231018066,
            3.0512335300445557
        ],
        "train_loss": [
            0.30385437256468395,
            0.2444252160334371,
            0.21877263708358602,
            0.19921635177922603,
            0.1876813165090708,
            0.17801183097817275,
            0.16928011959978412
        ],
        "val_loss": [
            0.4434610371078764,
            0.4068770983389446,
            0.4298774323293141,
            0.43318015336990356,
            0.43971721615110126,
            0.43166887973036083,
            0.44913350471428465
        ],
        "train_acc": [
            0.8752833549222798,
            0.9047108237761907,
            0.9158170838198514,
            0.9250159989752917,
            0.93049660359794,
            0.9348230670384793,
            0.9381828468312253
        ],
        "val_acc": [
            0.8055803562913623,
            0.8279017848627908,
            0.8241071445601327,
            0.8223214277199337,
            0.8207589302744184,
            0.8263392874172756,
            0.8303571428571429
        ]
    },
    "model_2": {
        "time": [
            3.047210693359375,
            3.088127613067627,
            3.0605857372283936,
            3.044764280319214,
            3.071035385131836,
            3.047053575515747
        ],
        "train_loss": [
            0.3048402299535089,
            0.24425120752575022,
            0.21711904930500942,
            0.19938896344299067,
            0.18822013263450693,
            0.17899369503916698
        ],
        "val_loss": [
            0.4174243403332574,
            0.4198521077632904,
            0.4409886449575424,
            0.46307727907385143,
            0.48348581365176607,
            0.4590253106185368
        ],
        "train_acc": [
            0.8753170876768587,
            0.9032988681462762,
            0.9170011026022348,
            0.9243890521131031,
            0.929175244441613,
            0.9341141978384917
        ],
        "val_acc": [
            0.8214285714285714,
            0.8263392874172756,
            0.822767857994352,
            0.825669642005648,
            0.8033482134342194,
            0.8223214277199337
        ]
    },
    "model_3": {
        "time": [
            3.071176767349243,
            3.0405080318450928,
            3.025904893875122,
            3.0739641189575195,
            3.02993106842041,
            3.0546786785125732,
            3.0768232345581055,
            3.0474226474761963
        ],
        "train_loss": [
            0.3035138604940528,
            0.24382289488910858,
            0.21660740059737715,
            0.19933597139357903,
            0.18746985425844478,
            0.17796353001504597,
            0.17146337705234865,
            0.1632290897924704
        ],
        "val_loss": [
            0.4132544547319412,
            0.4159856630223138,
            0.40756658145359587,
            0.4276926602636065,
            0.43256634048053194,
            0.4373248166271618,
            0.45031367455210003,
            0.4585471344845636
        ],
        "train_acc": [
            0.8746646003015919,
            0.9043257887730944,
            0.9176237123772271,
            0.924935522320357,
            0.9301978280198389,
            0.9344023717036519,
            0.9371356865284974,
            0.9402525906735751
        ],
        "val_acc": [
            0.8229910731315613,
            0.8169642857142857,
            0.8207589302744184,
            0.8319196445601327,
            0.8267857134342194,
            0.8363839302744184,
            0.8314732142857143,
            0.8330357159887042
        ]
    },
    "model_4": {
        "time": [
            3.0742549896240234,
            3.0905120372772217,
            3.0465567111968994,
            3.0534517765045166,
            3.05356502532959,
            3.056708574295044
        ],
        "train_loss": [
            0.3036556102653936,
            0.24212593759936063,
            0.21802000692259,
            0.19961562347381226,
            0.18735755321333292,
            0.17838417024983796
        ],
        "val_loss": [
            0.4344290622643062,
            0.44268396709646496,
            0.44253779522010256,
            0.4351745013679777,
            0.4836510568857193,
            0.4648111420018332
        ],
        "train_acc": [
            0.8753031126652975,
            0.9048023840383544,
            0.9163331945711467,
            0.9253913960540233,
            0.9299091722217866,
            0.9347218688519507
        ],
        "val_acc": [
            0.8107142874172756,
            0.8212053562913623,
            0.8176339311259133,
            0.8140625017029899,
            0.8158482142857143,
            0.8267857134342194
        ]
    },
    "num_param": 115586
}