{
    "test_loss": [
        0.2447346248663962,
        0.2718695397488773,
        0.25099745439365506,
        0.2694353796541691,
        0.23924366128630936
    ],
    "test_acc": [
        0.9122596234083176,
        0.8942307755351067,
        0.8961839005351067,
        0.9083533734083176,
        0.9064002484083176
    ],
    "model_0": {
        "time": [
            2.3202531337738037,
            2.329925060272217,
            2.312382459640503,
            2.308993339538574,
            2.3068060874938965,
            2.319749116897583,
            2.331821918487549,
            2.314728021621704,
            2.315505266189575
        ],
        "train_loss": [
            1.0492674824479338,
            0.4582995226630917,
            0.25004238016032554,
            0.15189467738201093,
            0.09092133472879212,
            0.05848662550379703,
            0.041785697573674965,
            0.02851776187852412,
            0.021946787695073848
        ],
        "val_loss": [
            0.5715659260749817,
            0.3837723268402947,
            0.34770409266153973,
            0.3223472221030129,
            0.3298060695330302,
            0.3229069958130519,
            0.32858362959490883,
            0.3432574040359921,
            0.3502593868308597
        ],
        "train_acc": [
            0.6182327843331671,
            0.8522774461027863,
            0.9248197295448997,
            0.9586180533681598,
            0.9785940801942503,
            0.9890422077922078,
            0.9927986256487957,
            0.994724025974026,
            0.9963474025974026
        ],
        "val_acc": [
            0.8131313191519843,
            0.8631628817982144,
            0.8736847639083862,
            0.8841014305750529,
            0.8908354441324869,
            0.8961489929093255,
            0.9029882219102647,
            0.8926767706871033,
            0.8926767706871033
        ]
    },
    "model_1": {
        "time": [
            2.290139675140381,
            2.338669538497925,
            2.3299765586853027,
            2.3193023204803467,
            2.3092918395996094,
            2.3180370330810547,
            2.313162088394165,
            2.31315016746521,
            2.3126909732818604
        ],
        "train_loss": [
            1.038170437534134,
            0.4547803460003494,
            0.25141281121736997,
            0.1520196157809976,
            0.08860385693706475,
            0.05764987801092786,
            0.03758828355265515,
            0.026817105123894167,
            0.019860031234414932
        ],
        "val_loss": [
            0.5692458815044827,
            0.40045108066664803,
            0.3393958095047209,
            0.31260708305570817,
            0.3257767508427302,
            0.3309550897942649,
            0.3276301473379135,
            0.3487158334917492,
            0.3627962801191542
        ],
        "train_acc": [
            0.6177184008932733,
            0.8508711488215954,
            0.9249235499988903,
            0.958198051948052,
            0.9773765477267179,
            0.9871168074669776,
            0.9932044698046399,
            0.9955357142857143,
            0.9969561688311688
        ],
        "val_acc": [
            0.7975063191519843,
            0.8615319861306084,
            0.8890993330213759,
            0.9083017706871033,
            0.8892045484648811,
            0.8978851040204366,
            0.8961489929093255,
            0.8875736527972751,
            0.8909406595759921
        ]
    },
    "model_2": {
        "time": [
            2.3117780685424805,
            2.334941864013672,
            2.3134567737579346,
            2.343773603439331,
            2.303778648376465,
            2.326371908187866,
            2.300786018371582,
            2.3120813369750977,
            2.2997074127197266,
            2.3023476600646973
        ],
        "train_loss": [
            1.0486039225157204,
            0.4442983165189817,
            0.25620734827084973,
            0.15068778216645315,
            0.09168938073244962,
            0.058349018831822,
            0.038481707104131,
            0.02639954279527649,
            0.023722084989021352,
            0.016313070189449694
        ],
        "val_loss": [
            0.5538245273960961,
            0.4054569751024246,
            0.3593931843837102,
            0.3304726266198688,
            0.30240705443753135,
            0.3145461744732327,
            0.31943197051684064,
            0.354843419459131,
            0.3626349800162845,
            0.3646524084938897
        ],
        "train_acc": [
            0.6102716324778347,
            0.8568549907052672,
            0.9250320900570262,
            0.9603310931812633,
            0.9774803681807085,
            0.9884334415584416,
            0.9937094155844156,
            0.9951298701298701,
            0.9967532467532467,
            0.9974658334410036
        ],
        "val_acc": [
            0.794349749883016,
            0.854587541686164,
            0.8737899859746298,
            0.8857323262426589,
            0.8909406595759921,
            0.8997264305750529,
            0.8979903194639418,
            0.8927819861306084,
            0.8996212151315477,
            0.8857323262426589
        ]
    },
    "model_3": {
        "time": [
            2.3170485496520996,
            2.308893918991089,
            2.2926251888275146,
            2.3057196140289307,
            2.2947380542755127,
            2.305107355117798,
            2.282207489013672,
            2.280038833618164,
            2.3182482719421387
        ],
        "train_loss": [
            1.0348788863652711,
            0.4538505866930082,
            0.2610049412235037,
            0.15127016623298845,
            0.08685976678094307,
            0.060356422291173564,
            0.039127656548925034,
            0.030755395535379648,
            0.0193616830586613
        ],
        "val_loss": [
            0.527687218454149,
            0.3766257365544637,
            0.344263987408744,
            0.3059079762962129,
            0.3242314077085919,
            0.3284290267361535,
            0.3243541502290302,
            0.3330417540338304,
            0.3573295407825046
        ],
        "train_acc": [
            0.6161941258938282,
            0.8476291151789875,
            0.9200581397329058,
            0.9575940045443448,
            0.9799107142857143,
            0.9869186042191146,
            0.992288961038961,
            0.9954366126617828,
            0.9971590909090909
        ],
        "val_acc": [
            0.8234427637524075,
            0.8667403194639418,
            0.8720538748635186,
            0.8909406595759921,
            0.8909406595759921,
            0.8926767706871033,
            0.9013573262426589,
            0.9013573262426589,
            0.8909406595759921
        ]
    },
    "model_4": {
        "time": [
            2.3015170097351074,
            2.3053131103515625,
            2.3107669353485107,
            2.3023757934570312,
            2.3071467876434326,
            2.3036928176879883,
            2.2942166328430176,
            2.29421067237854,
            2.286562204360962
        ],
        "train_loss": [
            1.0497252217360906,
            0.4649941793509892,
            0.2560322743344617,
            0.15269444911897956,
            0.08846615830605681,
            0.059264532133162795,
            0.03732510474691918,
            0.026355077736321595,
            0.022084502073899878
        ],
        "val_loss": [
            0.559189971950319,
            0.3844546609454685,
            0.321803006860945,
            0.3030889050828086,
            0.31228841675652397,
            0.3103133605586158,
            0.33275323775079513,
            0.3330756343073315,
            0.3406921509239409
        ],