{
    "test_loss": [
        0.448413475320257,
        0.43197011947631836,
        0.44428118087094404,
        0.4539830206797041,
        0.42686876962924825
    ],
    "test_acc": [
        0.7848729182933939,
        0.7888674201636479,
        0.7822904278492105,
        0.7860619795733484,
        0.7964105236119238
    ],
    "model_0": {
        "time": [
            4.437281131744385,
            4.25160813331604,
            4.1321070194244385,
            4.639661073684692,
            7.84895396232605,
            5.647317171096802,
            5.238592624664307,
            3.9171559810638428
        ],
        "train_loss": [
            0.42210650904383995,
            0.36379644298839137,
            0.35083866281521753,
            0.33897822618561707,
            0.33290267245448313,
            0.32410742794139397,
            0.3188324255357289,
            0.3136867714630816
        ],
        "val_loss": [
            0.5404171134744372,
            0.5157761446067265,
            0.462822892836162,
            0.4659621843269893,
            0.46405292195933207,
            0.46834976971149445,
            0.46370712774140493,
            0.4892832998718534
        ],
        "train_acc": [
            0.8072670899679006,
            0.845489163125426,
            0.8509741048352706,
            0.857481630123341,
            0.8611652441129783,
            0.8665595893492353,
            0.8687199297037766,
            0.8714065005896623
        ],
        "val_acc": [
            0.7444196428571429,
            0.7542410705770765,
            0.796205358845847,
            0.7935267857142857,
            0.796875,
            0.7939732159887042,
            0.7950892874172756,
            0.7770089294229235
        ]
    },
    "model_1": {
        "time": [
            3.9224841594696045,
            3.992213487625122,
            3.95318865776062,
            3.9093728065490723,
            3.943307399749756,
            3.944821357727051,
            3.9417967796325684,
            3.921173334121704,
            3.905003309249878,
            3.9135890007019043,
            3.948758363723755
        ],
        "train_loss": [
            0.4217606765444878,
            0.3635565506033792,
            0.3506543841212988,
            0.3409845674207791,
            0.3363442971453148,
            0.3308339616081103,
            0.3226333446414668,
            0.31911020248240446,
            0.3167702620607738,
            0.31037462538909266,
            0.3082484026666287
        ],
        "val_loss": [
            0.47902408455099377,
            0.5152301724467959,
            0.4808385244437626,
            0.4725039941923959,
            0.46617001720837187,
            0.46194374774183544,
            0.4843864845378058,
            0.46680096643311636,
            0.4754751920700073,
            0.47478016572339193,
            0.5441214846713203
        ],
        "train_acc": [
            0.8079547557420064,
            0.8448063163328047,
            0.8524867767960297,
            0.8573650112809913,
            0.8591860967442162,
            0.862662013485024,
            0.8669528165938323,
            0.8669745019140022,
            0.8680621414913414,
            0.8711380844675197,
            0.8724840203483488
        ],
        "val_acc": [
            0.7801339285714286,
            0.7562500025544848,
            0.7665178562913623,
            0.7928571445601327,
            0.7910714277199337,
            0.7939732159887042,
            0.7843749991485051,
            0.7895089302744184,
            0.7906250017029899,
            0.7912946428571429,
            0.760267857994352
        ]
    },
    "model_2": {
        "time": [
            3.9764881134033203,
            3.903550148010254,
            3.8692426681518555,
            3.8778398036956787,
            3.908219337463379,
            3.8668835163116455,
            3.8878121376037598,
            3.8748390674591064,
            3.8539767265319824
        ],
        "train_loss": [
            0.45128057028499907,
            0.37909978071295225,
            0.3638928688560743,
            0.35732400316957363,
            0.34715379951183967,
            0.34323977079686413,
            0.33778859304331743,
            0.3352310922855772,
            0.3330135187568442
        ],
        "val_loss": [
            0.48670900080885204,
            0.48596461968762533,
            0.5124931995357785,
            0.46604499007974354,
            0.46885434431689127,
            0.47173463233879637,
            0.4685491493770054,
            0.4903145879507065,
            0.5121536595480782
        ],
        "train_acc": [
            0.7891410490777826,
            0.8379248396488669,
            0.8458380559411074,
            0.8497245481980897,
            0.8546018188944753,
            0.8565544620001871,
            0.858684924754454,
            0.8598853280198389,
            0.8615035352157188
        ],
        "val_acc": [
            0.775892857994352,
            0.7738839302744184,
            0.7776785705770765,
            0.7941964311259133,
            0.7959821437086377,
            0.8006696445601327,
            0.8002232142857143,
            0.7770089294229235,
            0.75
        ]
    },
    "model_3": {
        "time": [
            4.498212099075317,
            4.39876914024353,
            3.86247181892395,
            3.8832387924194336,
            3.8638670444488525,
            3.887887716293335,
            3.8808164596557617,
            3.859179973602295,
            3.877147674560547
        ],
        "train_loss": [
            0.4419414689523105,
            0.38006360025912367,
            0.36472353143279723,
            0.35627975043662163,
            0.35224802089478685,
            0.3504998874633423,
            0.34413529813791494,
            0.3408581124126448,
            0.3376679352335053
        ],
        "val_loss": [
            0.4901020952633449,
            0.48287907029901234,
            0.49216896508421215,
            0.47459117429597036,
            0.4813934862613678,
            0.5041857297931399,
            0.48106331484658377,
            0.4904067644051143,
            0.49560614568846567
        ],
        "train_acc": [
            0.7947026122882577,
            0.8360724309411074,
            0.8431823263668643,
            0.849668648229053,
            0.8515557534799675,
            0.8519856048062675,
            0.8550326340093514,
            0.8565303671699731,
            0.8591407984881203
        ],
        "val_acc": [
            0.7801339285714286,
            0.7861607159887042,
            0.7703125008514949,
            0.7843749991485051,
            0.7906250017029899,
            0.7732142848627908,
            0.7850446445601327,
            0.7850446445601327,
            0.7801339285714286
        ]
    },
    "model_4": {
        "time": [
            3.8466055393218994,
            3.919734477996826,
            3.9207687377929688,
            3.9305059909820557,
            5.001572847366333,
            3.8593358993530273,
            3.9004762172698975,
            3.8416531085968018,
            3.8648834228515625,
            3.857285261154175
        ],
        "train_loss": [
            0.43368193943420225,
            0.37222082038540294,
            0.35474888343421906,
            0.34813744452217393,
            0.3382446343281881,
            0.33302872783354837,
            0.3287898601790398,
            0.3251017920016625,
            0.3212273593104102,
            0.31810116874044425
        ],