{
    "test_loss": [
        0.3880404958437229,
        0.3965562278854436,
        0.41597500648991814,
        0.3899227200910963,
        0.4184979174671502
    ],
    "test_acc": [
        0.823461651802063,
        0.8140792209526588,
        0.823573126875121,
        0.8298156960257168,
        0.7971536866549788
    ],
    "model_0": {
        "time": [
            3.298524856567383,
            3.279374599456787,
            3.2734639644622803,
            3.2564127445220947,
            3.2664828300476074,
            3.274334192276001
        ],
        "train_loss": [
            0.2884936705907237,
            0.21068098540586744,
            0.17388075094312969,
            0.15116188103463404,
            0.1361205064790526,
            0.12363538809706955
        ],
        "val_loss": [
            0.4280177333525249,
            0.42880818460668835,
            0.5054703205823898,
            0.49105885199138094,
            0.501883157661983,
            0.4918567793709891
        ],
        "train_acc": [
            0.8820935109813597,
            0.9190303671699731,
            0.9346760887015669,
            0.945645972121256,
            0.9512364491048254,
            0.956018304346139
        ],
        "val_acc": [
            0.8011160705770765,
            0.8127232151372092,
            0.7912946428571429,
            0.8055803562913623,
            0.8209821454116276,
            0.8008928596973419
        ]
    },
    "model_1": {
        "time": [
            3.2845299243927,
            3.274754047393799,
            3.2988433837890625,
            3.288447856903076,
            3.290098190307617,
            3.279844284057617,
            3.256742000579834
        ],
        "train_loss": [
            0.29059244513781884,
            0.21136204179839613,
            0.17462231685441237,
            0.15063392521736305,
            0.13709533549579817,
            0.12277727989525741,
            0.11463121359883156
        ],
        "val_loss": [
            0.4443508620773043,
            0.4344514693532671,
            0.4625075395618166,
            0.4838242381811142,
            0.48966095809425625,
            0.4926302454301289,
            0.6185351227010999
        ],
        "train_acc": [
            0.8807885362694301,
            0.919648158002085,
            0.9341946744934265,
            0.9451501010072664,
            0.9507053995533928,
            0.9565392340789187,
            0.9602136920384793
        ],
        "val_acc": [
            0.8060267865657806,
            0.8205357151372092,
            0.8066964277199337,
            0.8049107151372092,
            0.8187500025544848,
            0.8031250025544848,
            0.7810267848627908
        ]
    },
    "model_2": {
        "time": [
            3.2852084636688232,
            3.3145508766174316,
            3.306732416152954,
            3.2923715114593506,
            3.2890803813934326,
            3.275923013687134,
            3.298417329788208,
            3.3108365535736084
        ],
        "train_loss": [
            0.2897142984040583,
            0.20993888906294894,
            0.17411071704604078,
            0.1529351547432803,
            0.13456658435469118,
            0.12399681442335171,
            0.1140265647765886,
            0.10519744531755755
        ],
        "val_loss": [
            0.46039994273866924,
            0.4594765986715044,
            0.44966306750263485,
            0.5139360321419579,
            0.5084569134882518,
            0.48919724992343355,
            0.5103066350732531,
            0.5405693820544651
        ],
        "train_acc": [
            0.8819253292571695,
            0.9194048004601286,
            0.9349840203483488,
            0.9444865300633747,
            0.9516465426881079,
            0.9556438710559835,
            0.9603857289555777,
            0.9634057719627193
        ],
        "val_acc": [
            0.8015625008514949,
            0.8051339302744184,
            0.814285716840199,
            0.7921874991485051,
            0.807142857994352,
            0.8214285714285714,
            0.8069196428571429,
            0.8107142874172756
        ]
    },
    "model_3": {
        "time": [
            3.287271738052368,
            3.287882089614868,
            3.3346633911132812,
            3.274081230163574,
            3.2778267860412598,
            3.300184488296509,
            3.2840354442596436
        ],
        "train_loss": [
            0.28928695087335576,
            0.21057220547426242,
            0.1753087086902227,
            0.15305904934298575,
            0.13534468027082672,
            0.12388470490738132,
            0.11532671233624645
        ],
        "val_loss": [
            0.4383887393133981,
            0.4318617028849466,
            0.45005838572978973,
            0.45647126861980986,
            0.4886311963200569,
            0.5056969267981393,
            0.5105319353086608
        ],
        "train_acc": [
            0.8812024850456208,
            0.9198452535379736,
            0.9345440491647918,
            0.9445477308695798,
            0.9512629533678757,
            0.9565854960849866,
            0.9596166227379611
        ],
        "val_acc": [
            0.8122767848627908,
            0.8111607134342194,
            0.8109375025544848,
            0.8167410705770765,
            0.8120535739830562,
            0.8102678571428571,
            0.8171875008514949
        ]
    },
    "model_4": {
        "time": [
            3.303882598876953,
            3.3100571632385254,
            3.28806734085083,
            3.281663179397583,
            3.309450626373291,
            3.276359796524048
        ],
        "train_loss": [
            0.29039628440851994,
            0.2098763943866976,
            0.17549029984776837,
            0.15171490360649756,
            0.1354900298825914,
            0.12305699181960114
        ],
        "val_loss": [
            0.4683400626693453,
            0.505326298730714,
            0.5493307432958058,
            0.4995750976460321,
            0.5121585237128394,
            0.5630301811865398
        ],
        "train_acc": [
            0.8797910113099943,
            0.9196876734881203,
            0.9356326525307073,
            0.9453269569058492,
            0.9506403435928834,
            0.956220700719196
        ],
        "val_acc": [
            0.8116071437086377,
            0.7904017865657806,
            0.7819196454116276,
            0.7912946428571429,
            0.796205358845847,
            0.796205358845847
        ]
    },
    "num_param": 461186
}