{
    "test_loss": [
        0.41463674553509416,
        0.3939201672529352,
        0.3784371902202738,
        0.390244765014484,
        0.42381216791169396
    ],
    "test_acc": [
        0.8302615922072838,
        0.8229228586986147,
        0.8354265751509831,
        0.8314320753360617,
        0.8191513069744768
    ],
    "model_0": {
        "time": [
            9.627909183502197,
            9.616105556488037,
            9.601738929748535,
            9.598320484161377,
            9.629060745239258,
            9.643266916275024
        ],
        "train_loss": [
            0.25018259549484506,
            0.15329479715313976,
            0.11898292853965042,
            0.09890836706732453,
            0.08541974426311118,
            0.07639884859850687
        ],
        "val_loss": [
            0.4310405211789267,
            0.481916959796633,
            0.5302601903676987,
            0.6398454031773976,
            0.6887211501598358,
            0.7458368922982898
        ],
        "train_acc": [
            0.9023529060300768,
            0.9440720993928958,
            0.9571565430167426,
            0.964474135691329,
            0.969832820595855,
            0.9725449319948186
        ],
        "val_acc": [
            0.8214285714285714,
            0.8191964285714286,
            0.8265625025544848,
            0.7977678562913623,
            0.8062500017029899,
            0.7995535731315613
        ]
    },
    "model_1": {
        "time": [
            9.603439331054688,
            9.593454122543335,
            9.601222038269043,
            9.59641408920288,
            9.673713207244873,
            9.658868789672852
        ],
        "train_loss": [
            0.25014724293385915,
            0.1540098208909941,
            0.11998100206617826,
            0.09946636141125846,
            0.08539673895303672,
            0.07768456920980804
        ],
        "val_loss": [
            0.41808380612305235,
            0.4768594375678471,
            0.5499581822327205,
            0.5823573150805065,
            0.6880538484879902,
            0.7822908461093903
        ],
        "train_acc": [
            0.9023789284374429,
            0.9436374290851114,
            0.956281901525401,
            0.9640688610509269,
            0.9693012891887384,
            0.9718312438519507
        ],
        "val_acc": [
            0.8241071445601327,
            0.8232142882687705,
            0.8158482142857143,
            0.8129464302744184,
            0.817857142005648,
            0.8044642848627908
        ]
    },
    "model_2": {
        "time": [
            9.634342432022095,
            9.661302328109741,
            9.60730528831482,
            9.589315414428711,
            9.617210865020752,
            9.61542797088623
        ],
        "train_loss": [
            0.25252469280165246,
            0.15447652173817272,
            0.11897293641352592,
            0.09937382845022266,
            0.08594393677595723,
            0.07610506591778562
        ],
        "val_loss": [
            0.4179510676435062,
            0.4631730637380055,
            0.5389072554452079,
            0.5797742903232574,
            0.6750460245779583,
            0.7469695912940162
        ],
        "train_acc": [
            0.9018579987046632,
            0.9442344983856295,
            0.957233646373057,
            0.964140181675785,
            0.9696709034974094,
            0.9728986437533803
        ],
        "val_acc": [
            0.8348214285714286,
            0.8218750017029899,
            0.8133928562913623,
            0.8241071445601327,
            0.8078124991485051,
            0.8122767848627908
        ]
    },
    "model_3": {
        "time": [
            9.633357524871826,
            9.612207651138306,
            9.630701303482056,
            9.606275081634521,
            9.627151489257812,
            9.633706331253052
        ],
        "train_loss": [
            0.25086290844103293,
            0.15446380494461623,
            0.12022251712274135,
            0.09973585955892723,
            0.08587233353088913,
            0.07681227089786526
        ],
        "val_loss": [
            0.4218361367072378,
            0.4703800944345338,
            0.5598330050706863,
            0.6026391237974167,
            0.67264181801251,
            0.8133802456515176
        ],
        "train_acc": [
            0.9015182619576627,
            0.9441429381234658,
            0.9563373196001498,
            0.9644794365284974,
            0.9696251233856295,
            0.9724032545336787
        ],
        "val_acc": [
            0.8241071445601327,
            0.8276785739830562,
            0.8174107159887042,
            0.8162946445601327,
            0.8055803562913623,
            0.8169642857142857
        ]
    },
    "model_4": {
        "time": [
            9.599830627441406,
            9.672106504440308,
            9.68246054649353,
            9.657557487487793,
            9.664273262023926,
            9.6942720413208
        ],
        "train_loss": [
            0.25026906676918576,
            0.15402667785010304,
            0.12013959442989157,
            0.10066037561739626,
            0.08615239965729415,
            0.0761678188730398
        ],
        "val_loss": [
            0.4524433208363397,
            0.4741910291569574,
            0.5080553995711463,
            0.5641967366848674,
            0.6433410665818623,
            0.8527181829724994
        ],
        "train_acc": [
            0.9015187438519507,
            0.944563151525401,
            0.9561045637711342,
            0.9636544303804482,
            0.9692810495514326,
            0.9732378986446969
        ],
        "val_acc": [
            0.8232142882687705,
            0.8366071454116276,
            0.8214285714285714,
            0.811830358845847,
            0.8258928571428571,
            0.8116071437086377
        ]
    },
    "num_param": 5187086
}