{
    "test_loss": [
        0.3765151356828624,
        0.39354245467432614,
        0.3909517007655111,
        0.38601031950835524,
        0.39326833702366926
    ],
    "test_acc": [
        0.8249665580946823,
        0.8278834717027073,
        0.8242233950516273,
        0.8220682226378342,
        0.8151568071595554
    ],
    "model_0": {
        "time": [
            3.1389567852020264,
            3.105613946914673,
            3.105694055557251,
            3.105231523513794,
            3.093980073928833,
            3.0820417404174805,
            3.108717918395996
        ],
        "train_loss": [
            0.2929557207054965,
            0.22509175680404037,
            0.19107845741193838,
            0.17320914917813682,
            0.15778909978780103,
            0.1451195387478551,
            0.13804150195044365
        ],
        "val_loss": [
            0.4433832424027579,
            0.4364614358970097,
            0.5094373588051114,
            0.5476412602833339,
            0.46033526744161335,
            0.4803483262658119,
            0.4505018528018679
        ],
        "train_acc": [
            0.8802921832611523,
            0.9124630867585617,
            0.928067847121256,
            0.9359256453773518,
            0.9425338869576627,
            0.947062264838367,
            0.9507111823234533
        ],
        "val_acc": [
            0.8187500025544848,
            0.814955357994352,
            0.8044642848627908,
            0.7834821428571429,
            0.8325892857142857,
            0.8238839294229235,
            0.8363839302744184
        ]
    },
    "model_1": {
        "time": [
            3.1286964416503906,
            3.1175758838653564,
            3.1749205589294434,
            3.1013543605804443,
            3.098156213760376,
            3.0867984294891357
        ],
        "train_loss": [
            0.2943071208633675,
            0.22340723631392026,
            0.192334351431424,
            0.1718583689433151,
            0.15575855707995825,
            0.14521821333008572
        ],
        "val_loss": [
            0.4298131338187626,
            0.4570197420460837,
            0.47201987888131824,
            0.46574398023741587,
            0.47555437896932873,
            0.5202337907893317
        ],
        "train_acc": [
            0.8799471456383794,
            0.913013894053012,
            0.9270096032499032,
            0.9356172318362819,
            0.9423314905846057,
            0.9471745466321243
        ],
        "val_acc": [
            0.8051339302744184,
            0.8203125,
            0.817857142005648,
            0.8189732134342194,
            0.8301339277199337,
            0.8207589302744184
        ]
    },
    "model_2": {
        "time": [
            3.1056408882141113,
            3.0925986766815186,
            3.0913984775543213,
            3.115952491760254,
            3.0939316749572754,
            3.0788867473602295
        ],
        "train_loss": [
            0.2928008398552633,
            0.22406355004969966,
            0.19221516246690265,
            0.17120301824574566,
            0.15618742477640973,
            0.14722492214330893
        ],
        "val_loss": [
            0.433878881590707,
            0.437161317893437,
            0.4429927585380418,
            0.530281988637788,
            0.4841857637677874,
            0.49589180094855173
        ],
        "train_acc": [
            0.8810959860219238,
            0.9137632425276109,
            0.9280268859523566,
            0.9370942434653099,
            0.9434292499419938,
            0.9462782198592171
        ],
        "val_acc": [
            0.8151785731315613,
            0.8200892848627908,
            0.8330357159887042,
            0.8029017874172756,
            0.8207589302744184,
            0.799330357994352
        ]
    },
    "model_3": {
        "time": [
            3.1459407806396484,
            3.1184864044189453,
            3.112583875656128,
            3.0984692573547363,
            3.1042819023132324,
            3.076517343521118,
            3.0845274925231934
        ],
        "train_loss": [
            0.2939014959925969,
            0.2247644616146162,
            0.19182992736456694,
            0.1723978135088179,
            0.15876441321171667,
            0.14693796617543528,
            0.13932273554051092
        ],
        "val_loss": [
            0.4458816115345274,
            0.43929452768393923,
            0.46199847757816315,
            0.4777869773762567,
            0.4847165899617331,
            0.48123787130628315,
            0.47539520476545605
        ],
        "train_acc": [
            0.8803321806414758,
            0.9131758111514576,
            0.9274808976393907,
            0.9359001048642737,
            0.9416934601151882,
            0.9467234918799425,
            0.9505950453367875
        ],
        "val_acc": [
            0.8138392865657806,
            0.8075892882687705,
            0.8171875008514949,
            0.8098214311259133,
            0.8060267865657806,
            0.8154017882687705,
            0.8232142882687705
        ]
    },
    "model_4": {
        "time": [
            3.1077678203582764,
            3.0962605476379395,
            3.0856051445007324,
            3.0911686420440674,
            3.0967676639556885,
            3.092845916748047
        ],
        "train_loss": [
            0.29602735779619743,
            0.22378548900620926,
            0.19264968031525148,
            0.17048611290694982,
            0.15794660647669953,
            0.1465681113406456
        ],
        "val_loss": [
            0.4364383795431682,
            0.43706092664173674,
            0.4451566870723452,
            0.48221990146807264,
            0.5188593140670231,
            0.5434265668903079
        ],
        "train_acc": [
            0.8785520563471503,
            0.9130654569348523,
            0.9274861985151632,
            0.9374739776312379,
            0.9430659002590673,
            0.946622775587702
        ],
        "val_acc": [
            0.8136160714285714,
            0.8120535739830562,
            0.8205357151372092,
            0.8035714285714286,
            0.8093750008514949,
            0.8013392857142857
        ]
    },
    "num_param": 230786
}