{
    "test_loss": [
        0.27116985327523685,
        0.2769597779073374,
        0.280176956540026,
        0.28355150824160225,
        0.2758389005003988
    ],
    "test_acc": [
        0.8865329284802117,
        0.884375000091465,
        0.8849984015650152,
        0.8850943095543805,
        0.8850383632018438
    ],
    "model_0": {
        "time": [
            12.235988140106201,
            12.293331861495972,
            12.287087202072144,
            12.141976118087769,
            12.22746205329895,
            12.26868748664856,
            12.286272764205933
        ],
        "train_loss": [
            0.4618712802502242,
            0.2759457012553784,
            0.18509598095393318,
            0.12309081444453279,
            0.07793427713808011,
            0.04924109670471146,
            0.03462363917126574
        ],
        "val_loss": [
            0.2996168561279774,
            0.25937583297491074,
            0.26485562154557557,
            0.30074000984895977,
            0.34625298439059404,
            0.40993586494587364,
            0.4453359401668422
        ],
        "train_acc": [
            0.7722932449118658,
            0.8877791587940671,
            0.9298305318436839,
            0.9559757733209566,
            0.9735292377458378,
            0.9837535511363636,
            0.9894896227527749
        ],
        "val_acc": [
            0.880859375,
            0.888671875,
            0.887109375,
            0.88984375,
            0.8828125,
            0.87890625,
            0.8859375
        ]
    },
    "model_1": {
        "time": [
            12.291276931762695,
            12.36097264289856,
            12.293130159378052,
            12.414966821670532,
            12.467963457107544,
            12.435702085494995,
            12.310583114624023
        ],
        "train_loss": [
            0.4629464028403163,
            0.27369955167259,
            0.1886505245082927,
            0.12316945168740032,
            0.07797873908368108,
            0.05195673331565393,
            0.034095285684584684
        ],
        "val_loss": [
            0.30035572685301304,
            0.26110500628128647,
            0.2680090791429393,
            0.3225317660951987,
            0.3391330211103195,
            0.39287825556020833,
            0.44487193328750435
        ],
        "train_acc": [
            0.7715731534090909,
            0.8860282513566993,
            0.9279760496521537,
            0.9555861348794266,
            0.9730557528409091,
            0.9822640468112447,
            0.9893465909090909
        ],
        "val_acc": [
            0.872265625,
            0.890625,
            0.88359375,
            0.88203125,
            0.8859375,
            0.88359375,
            0.87578125
        ]
    },
    "model_2": {
        "time": [
            12.30632758140564,
            12.296948909759521,
            12.272688865661621,
            12.224301099777222,
            12.316609621047974,
            12.208420753479004,
            12.349164962768555,
            12.330254077911377
        ],
        "train_loss": [
            0.45846278309314087,
            0.2777617649937218,
            0.1874218921769749,
            0.12118135461985896,
            0.08079144633269277,
            0.05245012636243535,
            0.037668545434743544,
            0.025752142583025325
        ],
        "val_loss": [
            0.3034516919404268,
            0.26487089646980166,
            0.26206913028145207,
            0.2943989123974461,
            0.34722463704820256,
            0.397006381326355,
            0.4521449497202411,
            0.49613790849689393
        ],
        "train_acc": [
            0.7750651042231105,
            0.8872563525695693,
            0.9289970013566993,
            0.9561533301391385,
            0.9717684659090909,
            0.9837091619318182,
            0.98828125,
            0.9919310290027749
        ],
        "val_acc": [
            0.8734375,
            0.88984375,
            0.892578125,
            0.884765625,
            0.876171875,
            0.8765625,
            0.877734375,
            0.87734375
        ]
    },
    "model_3": {
        "time": [
            12.362182140350342,
            12.313518524169922,
            12.30432939529419,
            12.37544322013855,
            12.355489253997803,
            12.36370325088501,
            12.281659126281738,
            12.376206636428833
        ],
        "train_loss": [
            0.4517723236825656,
            0.27893284653228795,
            0.1896622703961012,
            0.12135842464737255,
            0.07956910610135476,
            0.04889476245443802,
            0.035766983645523644,
            0.029945587167193564
        ],
        "val_loss": [
            0.29916505310684444,
            0.2780120734125376,
            0.26956431186990815,
            0.3065114510245621,
            0.3562638806353789,
            0.41291748328949324,
            0.468016781003098,
            0.5129162798562902
        ],
        "train_acc": [
            0.7783794980496168,
            0.8850516888566993,
            0.9280303030867468,
            0.9575293954800476,
            0.9731100062755021,
            0.9844637784090909,
            0.9885130602527749,
            0.9899335147982294
        ],
        "val_acc": [
            0.877734375,
            0.875390625,
            0.89296875,
            0.883984375,
            0.883984375,
            0.880859375,
            0.87578125,
            0.875
        ]
    },
    "model_4": {
        "time": [
            12.414780378341675,
            12.239128828048706,
            12.30536937713623,
            12.339280128479004,
            12.293536901473999,
            12.343936204910278,
            12.271034717559814
        ],
        "train_loss": [
            0.461239775261757,
            0.2805664461656389,
            0.1911946418906816,
            0.126933798765425,
            0.0789453708249229,
            0.04810586046501571,
            0.03231004332536196
        ],
        "val_loss": [
            0.310573635995388,
            0.2629481210373342,
            0.2649554615607485,
            0.3021132096531801,
            0.34909613835043274,
            0.39373009647242724,
            0.4589893897646107
        ],
        "train_acc": [
            0.7755533854731105,
            0.8868469854986126,
            0.927734375,
            0.9546835542741147,
            0.9731741241094741,
            0.9849520596590909,
            0.9904119318181818
        ],
        "val_acc": [
            0.871484375,
            0.891796875,
            0.895703125,
            0.880859375,
            0.883203125,
            0.8859375,
            0.87890625
        ]
    },
    "num_param": 7616186
}