{
    "test_loss": [
        0.34063400812161243,
        0.34929137911333147,
        0.34123468623899134,
        0.33994630554600447,
        0.34164511875423326
    ],
    "test_acc": [
        0.8466272378516624,
        0.845124680367882,
        0.8493206522348896,
        0.8491767902508416,
        0.8490808824139178
    ],
    "model_0": {
        "time": [
            9.47057032585144,
            9.390426874160767,
            9.37088418006897,
            9.364179372787476,
            9.426167011260986,
            9.358088731765747,
            9.324558019638062,
            9.325210332870483,
            9.405249834060669,
            9.396025896072388,
            9.443201780319214,
            9.416215181350708,
            9.39034652709961,
            9.493355989456177,
            9.437412023544312,
            9.321187019348145,
            9.311381816864014,
            9.379949569702148,
            9.360043287277222
        ],
        "train_loss": [
            0.7033583388071168,
            0.5586591076783158,
            0.5012600903653286,
            0.46947485327043315,
            0.4492230147800662,
            0.4288272721354257,
            0.41675861789421603,
            0.40060023438524117,
            0.38763939644294704,
            0.38848674949258566,
            0.3824902844869278,
            0.37071345500986685,
            0.3726537110368637,
            0.3637257572686808,
            0.3573195411908356,
            0.35335899000479415,
            0.3447101490826092,
            0.34886903929608787,
            0.33701682433655317
        ],
        "val_loss": [
            0.6128220647573471,
            0.472489632666111,
            0.43310726583004,
            0.41068942174315454,
            0.39399988055229185,
            0.3775996811687946,
            0.3836671434342861,
            0.3807515025138855,
            0.36652487628161906,
            0.35574390552937984,
            0.35861290730535983,
            0.363842817209661,
            0.3677964203059673,
            0.3380224760621786,
            0.35845105797052385,
            0.34685500580817463,
            0.35115244537591933,
            0.3400389151647687,
            0.3508956992067397
        ],
        "train_acc": [
            0.5470130997286602,
            0.7190607244318182,
            0.757758246565407,
            0.7831932607699524,
            0.799632062796842,
            0.808884745971723,
            0.81591796875,
            0.8227391099049286,
            0.8277501579035412,
            0.8318980823863636,
            0.8316810684786602,
            0.8411704940213398,
            0.8381618923422965,
            0.8421815814958378,
            0.8442086883905259,
            0.8473307292231105,
            0.8520014599304307,
            0.8489780619063161,
            0.854230784387751
        ],
        "val_acc": [
            0.728125,
            0.801171875,
            0.8140625,
            0.826171875,
            0.825,
            0.836328125,
            0.821875,
            0.831640625,
            0.8375,
            0.841796875,
            0.8421875,
            0.836328125,
            0.833984375,
            0.854296875,
            0.841796875,
            0.85234375,
            0.84453125,
            0.85078125,
            0.839453125
        ]
    },
    "model_1": {
        "time": [
            9.395672082901001,
            9.496883630752563,
            9.418580532073975,
            9.503622770309448,
            9.382597208023071,
            9.403202295303345,
            9.346929550170898,
            9.336823463439941,
            9.357487678527832,
            9.324368476867676,
            9.318161010742188,
            9.401496171951294,
            9.374752759933472,
            9.31726336479187,
            9.389499425888062,
            9.259111881256104,
            9.465079069137573,
            9.375599145889282,
            9.386373519897461,
            9.39761734008789,
            9.396295309066772
        ],
        "train_loss": [
            0.7141971867531538,
            0.5837620451030406,
            0.4885037185793573,
            0.4635939454998482,
            0.4468583981929855,
            0.4301790346137502,
            0.4168895913118666,
            0.40979379529810767,
            0.39667007149281824,
            0.3916227842935107,
            0.3866279888898134,
            0.37733639569275756,
            0.37536699299446563,
            0.3704710672609508,
            0.36421409232372587,
            0.35959393107755616,
            0.35270423217761243,
            0.3515271406028081,
            0.34572174124927685,
            0.34286511778323486,
            0.33554289951412514
        ],
        "val_loss": [
            0.6763178795576096,
            0.45889721661806104,
            0.4056001648306847,
            0.40781154967844485,
            0.3957494080066681,
            0.37542744614183904,
            0.38578702583909036,
            0.36689302511513233,
            0.3609466638416052,
            0.36541127767413856,
            0.3635153232142329,
            0.3572981107980013,
            0.35090348236262797,
            0.3483656752854586,
            0.3461813893634826,
            0.34126245891675355,
            0.3439165953313932,
            0.3507544344291091,
            0.3502361095917877,
            0.3790520863607526,
            0.35121345724910497
        ],
        "train_acc": [
            0.5201083096590909,
            0.6941041272472251,
            0.7701428346335888,
            0.7886087437244979,
            0.7981622869318182,
            0.8074692235412922,
            0.8133877840909091,
            0.8183988320895217,
            0.8251903803849762,
            0.8271632338450714,
            0.8316909327087078,
            0.8368746054104783,
            0.8362136994573203,
            0.8387685448608615,
            0.8406674164262685,
            0.8445243451066993,
            0.8499990136108615,
            0.8467487374489958,
            0.849979284981435,
            0.8520655775950714,
            0.8549410116604783
        ],
        "val_acc": [
            0.6125,
            0.805859375,
            0.822265625,
            0.823046875,
            0.823828125,
            0.837890625,
            0.835546875,
            0.839453125,
            0.85078125,
            0.844921875,
            0.844140625,
            0.8453125,
            0.848046875,
            0.846484375,
            0.84765625,
            0.853515625,
            0.8515625,
            0.845703125,
            0.843359375,
            0.83515625,
            0.848046875
        ]
    },
    "model_2": {
        "time": [
            9.445696592330933,
            9.329527139663696,
            9.525365829467773,
            9.424406290054321,
            9.49170470237732,
            9.449481964111328,
            9.37353253364563,
            9.352338314056396,
            9.283221960067749,
            9.3554048538208,
            9.519836187362671,
            9.339382410049438,
            9.394319534301758,
            9.333094358444214,
            9.330342054367065,
            9.254163980484009,
            9.315189838409424,
            9.309353351593018,
            9.29613447189331,
            9.362977981567383
        ],