{
    "test_loss": [
        0.40592450725621193,
        0.40362667729114665,
        0.4138219294876888,
        0.4255114331327636,
        0.41546229247389166
    ],
    "test_acc": [
        0.8106420923923624,
        0.8119240485388657,
        0.8016869795733484,
        0.7969493167153721,
        0.8034148339567513
    ],
    "model_0": {
        "time": [
            3.947110414505005,
            3.954214334487915,
            3.95784068107605,
            3.9840376377105713,
            3.9491519927978516,
            3.947932481765747,
            3.971188545227051,
            3.9659364223480225,
            3.9387893676757812,
            3.9727556705474854,
            3.951915740966797,
            3.9349477291107178,
            3.970456838607788,
            3.9515671730041504,
            3.9737462997436523,
            3.945591449737549,
            3.9587528705596924,
            3.960766077041626,
            3.96859073638916,
            3.93436336517334
        ],
        "train_loss": [
            0.4408427407395654,
            0.3752912830059547,
            0.3562296198130889,
            0.34658562897709366,
            0.3342976974313741,
            0.329049030994427,
            0.32329256160889264,
            0.31594675461824384,
            0.3109516249631816,
            0.30809028058703697,
            0.3028054673784446,
            0.3003849313435159,
            0.29503740140579526,
            0.29276036262184074,
            0.2902460895054081,
            0.28662106396215414,
            0.28380278537986037,
            0.28070319903329244,
            0.2786185448612883,
            0.2790532866830653
        ],
        "val_loss": [
            0.5036363750696182,
            0.5069963144404548,
            0.47486257765974316,
            0.46819925733975004,
            0.4617039625133787,
            0.47652553234781536,
            0.44950588260378155,
            0.49604742016111103,
            0.45729548377650125,
            0.5046393466847283,
            0.4688030162027904,
            0.4407938165324075,
            0.45079147602830616,
            0.5361796702657428,
            0.4371116927691868,
            0.46646986050265177,
            0.5167942941188812,
            0.45000856689044405,
            0.46771969326904844,
            0.44642270675727297
        ],
        "train_acc": [
            0.7944139564902054,
            0.8382583117701229,
            0.8480648979390223,
            0.8526886912747986,
            0.8606987686663712,
            0.8621169889606343,
            0.8651832940124478,
            0.8679503415918721,
            0.8708397907451026,
            0.8717144322364442,
            0.8757681424290406,
            0.8765117081721829,
            0.8779675163367252,
            0.8795934338798177,
            0.8811258635835945,
            0.8831001920094762,
            0.8843902279212685,
            0.8851236738457581,
            0.8862166142602659,
            0.8860590342104127
        ],
        "val_acc": [
            0.7593750017029899,
            0.764955358845847,
            0.7906250017029899,
            0.7899553562913623,
            0.7910714277199337,
            0.7875000025544848,
            0.7926339294229235,
            0.7906250017029899,
            0.7982142865657806,
            0.7955357134342194,
            0.799330357994352,
            0.8084821445601327,
            0.8026785722800663,
            0.778794642005648,
            0.8151785731315613,
            0.8122767848627908,
            0.7823660714285714,
            0.8029017874172756,
            0.8011160705770765,
            0.8075892882687705
        ]
    },
    "model_1": {
        "time": [
            3.9506239891052246,
            3.9465725421905518,
            3.974813461303711,
            3.949655771255493,
            3.962172746658325,
            3.9666199684143066,
            3.949481964111328,
            3.930912971496582,
            3.95116925239563,
            3.951901435852051,
            3.937046527862549
        ],
        "train_loss": [
            0.45200600598605806,
            0.37623496426973935,
            0.3592510072253837,
            0.35025520143075,
            0.3382468810835805,
            0.33358315786665277,
            0.32895469563226626,
            0.3214453944135361,
            0.3171651523000527,
            0.312585654306597,
            0.3077425890423628
        ],
        "val_loss": [
            0.49086720389979227,
            0.4782537307058062,
            0.45937998805727276,
            0.45286160494600025,
            0.4925155086176736,
            0.44427775910922457,
            0.45732511579990387,
            0.4604316140924181,
            0.4607821170772825,
            0.4630695496286665,
            0.5422055614846093
        ],
        "train_acc": [
            0.786525798816755,
            0.8369070750135215,
            0.8479077997834571,
            0.8526833903990261,
            0.8585032499129908,
            0.8599966460250202,
            0.8643472042571695,
            0.867043894961708,
            0.8696104737452275,
            0.8718112933357762,
            0.8738863380538985
        ],
        "val_acc": [
            0.7781250008514949,
            0.7861607159887042,
            0.8033482134342194,
            0.8044642848627908,
            0.7705357159887042,
            0.8107142874172756,
            0.8044642848627908,
            0.7959821437086377,
            0.7955357134342194,
            0.794419642005648,
            0.7703125008514949
        ]
    },
    "model_2": {
        "time": [
            3.9508554935455322,
            3.9671339988708496,
            3.93931245803833,
            3.9695940017700195,
            3.954155206680298,
            3.941274642944336,
            3.9613211154937744,
            3.9336318969726562,
            3.9412662982940674
        ],
        "train_loss": [
            0.43366598611977436,
            0.37222869612199344,
            0.35371603210664165,
            0.3422358861299222,
            0.3314309597131193,
            0.32378432939282664,
            0.31731959030881446,
            0.31086820817595934,
            0.30596535474814746
        ],
        "val_loss": [
            0.4528526983090809,
            0.46746557525226046,
            0.47504951485565733,
            0.43722752801009585,
            0.4862844603402274,
            0.4661329367331096,
            0.49936772882938385,
            0.4651863660131182,
            0.44815587997436523
        ],
        "train_acc": [
            0.7973689435368375,
            0.8387040656851363,
            0.8494252906870966,
            0.8564339879649291,
            0.8620350666228354,
            0.8658608399679006,
            0.8688211278903052,
            0.870247540426069,
            0.8726555753711591
        ],
        "val_acc": [
            0.7910714277199337,
            0.7790178571428571,
            0.7917410731315613,
            0.8035714285714286,
            0.778794642005648,
            0.7924107142857143,
            0.7718750025544848,
            0.7832589277199337,
            0.8017857159887042
        ]
    },
    "model_3": {
        "time": [
            3.942408561706543,
            3.9381773471832275,
            3.964831829071045,
            3.924196481704712,
            3.9538400173187256,
            3.936901569366455,
            3.9298617839813232
        ],
        "train_loss": [
            0.4492668857498799,
            0.3770202127203268,
            0.3605530441116175,
            0.34568231288401574,
            0.3372772493414156,
            0.3292861417939626,
            0.32355584873012
        ],