{
    "test_loss": [
        0.4150848398948538,
        0.40940393199180736,
        0.3992399722337723,
        0.387563723428496,
        0.39197085335336884
    ],
    "test_acc": [
        0.8030989889440865,
        0.8023372477498548,
        0.8101032992889141,
        0.8180737207675802,
        0.8152682822326134
    ],
    "model_0": {
        "time": [
            3.9795377254486084,
            4.027429819107056,
            4.023966550827026,
            4.046107530593872,
            4.012973785400391,
            4.035028457641602,
            4.040485382080078,
            4.036206245422363
        ],
        "train_loss": [
            0.40074993101542167,
            0.34341204871901265,
            0.32732784601382026,
            0.3161569863480607,
            0.3059138085722074,
            0.29714993766745446,
            0.2915658014802349,
            0.28607689776491624
        ],
        "val_loss": [
            0.589747007404055,
            0.444852603333337,
            0.42982861399650574,
            0.44326095283031464,
            0.499391000185694,
            0.44386828371456694,
            0.45080530856336865,
            0.4547591826745442
        ],
        "train_acc": [
            0.8184996067782758,
            0.8555487447606467,
            0.8632031828551094,
            0.8686336702787815,
            0.873856460492228,
            0.8779998034084399,
            0.8814145193430426,
            0.884562264838367
        ],
        "val_acc": [
            0.7209821428571429,
            0.8075892882687705,
            0.8109375025544848,
            0.8035714285714286,
            0.7754464277199337,
            0.8084821445601327,
            0.8113839285714286,
            0.8073660731315613
        ]
    },
    "model_1": {
        "time": [
            4.0191872119903564,
            4.06823468208313,
            4.03922438621521,
            4.06222939491272,
            4.037642955780029,
            4.039181709289551,
            4.0355119705200195,
            4.031381368637085
        ],
        "train_loss": [
            0.4068447593599558,
            0.34674201670242716,
            0.33157337432814077,
            0.3225529403208605,
            0.3148641937407496,
            0.3075283298973438,
            0.30102813242418314,
            0.29460649575478365
        ],
        "val_loss": [
            0.46431694073336466,
            0.4653942308255604,
            0.4232361486979893,
            0.42443413180964334,
            0.43490092882088255,
            0.4517922891037805,
            0.42751340780939373,
            0.4372174122503826
        ],
        "train_acc": [
            0.8161469899079342,
            0.8539647522136338,
            0.8615093179471752,
            0.865698440975167,
            0.8696499892312628,
            0.8742747463556151,
            0.877524171931756,
            0.8800893049938073
        ],
        "val_acc": [
            0.7765624991485051,
            0.775892857994352,
            0.8203125,
            0.8102678571428571,
            0.8017857159887042,
            0.7957589285714286,
            0.8062500017029899,
            0.8055803562913623
        ]
    },
    "model_2": {
        "time": [
            4.0318989753723145,
            4.046780109405518,
            4.030747175216675,
            4.025850772857666,
            4.042022228240967,
            4.028459310531616,
            4.042080879211426,
            4.0413007736206055,
            4.011037111282349,
            4.032748460769653,
            4.042371511459351,
            4.024579763412476,
            4.026370048522949,
            4.053855895996094
        ],
        "train_loss": [
            0.39845990331679426,
            0.3426600395378517,
            0.32945313793003866,
            0.31941929311911366,
            0.3083826546204986,
            0.30010618893863933,
            0.29327286340276965,
            0.2894240346799938,
            0.2846061750870063,
            0.2804594200992368,
            0.27669254212201105,
            0.2728600467897836,
            0.27070440994720385,
            0.26555374934979825
        ],
        "val_loss": [
            0.4458779799086707,
            0.4718881675175258,
            0.4269601319517408,
            0.4298470211880548,
            0.48193636749471935,
            0.4232261798211506,
            0.42094698761190685,
            0.4240522448505674,
            0.4095283363546644,
            0.42535015089171274,
            0.4246274722473962,
            0.4213328744683947,
            0.42438716547829763,
            0.431280044572694
        ],
        "train_acc": [
            0.8196383273431674,
            0.8551935873192209,
            0.8630364467751794,
            0.8676722875067607,
            0.8732073464155815,
            0.8765521874467943,
            0.8804738581026156,
            0.8823908409152006,
            0.8843242081721829,
            0.886980901496398,
            0.8885186320373432,
            0.8901691262663337,
            0.8912967632239964,
            0.8939081583307197
        ],
        "val_acc": [
            0.7997767882687705,
            0.7848214294229235,
            0.806473216840199,
            0.811830358845847,
            0.7926339294229235,
            0.8131696454116276,
            0.8062500017029899,
            0.811830358845847,
            0.8247767857142857,
            0.8138392865657806,
            0.8095982159887042,
            0.8136160714285714,
            0.8236607142857143,
            0.8209821454116276
        ]
    },
    "model_3": {
        "time": [
            4.049284219741821,
            4.026235580444336,
            4.072201490402222,
            4.0391998291015625,
            4.1248486042022705,
            4.059076309204102,
            4.0614073276519775,
            4.0898308753967285,
            4.082432746887207,
            4.052081346511841,
            4.071399450302124,
            4.0559070110321045,
            4.055853843688965
        ],
        "train_loss": [
            0.4053930470459356,
            0.3491071097919515,
            0.3299648930931493,
            0.31836174613762397,
            0.3110561159975016,
            0.304245252094661,
            0.2945332272325695,
            0.2905574224242661,
            0.28489758225321926,
            0.28199752642642806,
            0.2778910399255357,
            0.27313123217306146,
            0.2703757865663251
        ],
        "val_loss": [
            0.44383995873587473,
            0.4497597302709307,
            0.44045824876853396,
            0.4249940003667559,
            0.44549415366990225,
            0.459816643169948,
            0.45921737594263895,
            0.4177326389721462,
            0.42299156742436544,
            0.4411950728722981,
            0.4277279142822538,
            0.42411813352789196,
            0.48280978415693554
        ],
        "train_acc": [
            0.8168548953193457,
            0.8525532784394032,
            0.8621063872476934,
            0.8679913027607715,
            0.8722406628063923,
            0.8757218804229726,
            0.8798613681462762,
            0.8823055452787815,
            0.8841868677596354,
            0.884920313684125,
            0.887659411240427,
            0.8895161570353829,
            0.8915752991647918
        ],
        "val_acc": [
            0.8046875,
            0.7991071428571429,
            0.8102678571428571,
            0.8073660731315613,
            0.7955357134342194,
            0.811830358845847,
            0.7950892874172756,
            0.8125,
            0.8243303596973419,
            0.8129464302744184,
            0.8129464302744184,
            0.8218750017029899,
            0.8015625008514949
        ]
    },