{
    "test_loss": [
        0.284876505844295,
        0.2534527590032667,
        0.29364772513508797,
        0.28352727415040135,
        0.2425405504181981
    ],
    "test_acc": [
        0.9000901505351067,
        0.9020432755351067,
        0.8796574547886848,
        0.9035456776618958,
        0.9152644276618958
    ],
    "model_0": {
        "time": [
            0.15714406967163086,
            0.16080236434936523,
            0.16222286224365234,
            0.1585540771484375,
            0.15439796447753906,
            0.15503859519958496,
            0.15036416053771973,
            0.1548013687133789,
            0.15019845962524414,
            0.15515708923339844,
            0.1504373550415039,
            0.16119861602783203,
            0.15790295600891113,
            0.14929628372192383,
            0.15039563179016113,
            0.14932584762573242,
            0.14896488189697266
        ],
        "train_loss": [
            1.2483782334761186,
            0.704543547970908,
            0.5205273407620269,
            0.41125121228880696,
            0.3505920568456897,
            0.2885533675744936,
            0.24686516869764824,
            0.22022263860547697,
            0.1964520781071155,
            0.18083759116662013,
            0.1563904159641885,
            0.1416004066440192,
            0.1270620400061855,
            0.11678573808499745,
            0.1071073811065841,
            0.09710870402586924,
            0.08570268963064466
        ],
        "val_loss": [
            0.7328633798493279,
            0.49999572502242196,
            0.42228588130739,
            0.3917386266920302,
            0.3681313974989785,
            0.3430621541208691,
            0.34219451083077324,
            0.35097093052334255,
            0.3340764459636476,
            0.33431215915415025,
            0.3290211773580975,
            0.32690709663761985,
            0.3397076262368096,
            0.3407435400618447,
            0.3468574715985192,
            0.3540031926499473,
            0.34663088454140556
        ],
        "train_acc": [
            0.5380738447238873,
            0.7643225231727997,
            0.8225753168006996,
            0.8666990708995175,
            0.8836359861609223,
            0.9065614613619718,
            0.9189444277193639,
            0.9298078371332837,
            0.9406523704528809,
            0.9446069915573319,
            0.9520112879864582,
            0.9591182795437899,
            0.9618553681807085,
            0.9667254980508383,
            0.9693682046679707,
            0.972308214608725,
            0.9780844155844156
        ],
        "val_acc": [
            0.761047985818651,
            0.8561132219102647,
            0.8580597639083862,
            0.8614267706871033,
            0.8753156595759921,
            0.8839962151315477,
            0.8838909996880425,
            0.8857323262426589,
            0.8960437774658203,
            0.8908354441324869,
            0.9046191109551324,
            0.8961489929093255,
            0.8910458750194974,
            0.8961489929093255,
            0.8909406595759921,
            0.8893097639083862,
            0.8911510970857408
        ]
    },
    "model_1": {
        "time": [
            0.16936492919921875,
            0.1534411907196045,
            0.19797039031982422,
            0.14854168891906738,
            0.15541934967041016,
            0.1526346206665039,
            0.1496438980102539,
            0.14833617210388184,
            0.15237975120544434,
            0.15392589569091797,
            0.22872567176818848,
            0.2351090908050537,
            0.15403032302856445,
            0.14894986152648926,
            0.1633756160736084,
            0.14840412139892578
        ],
        "train_loss": [
            1.2414355920506763,
            0.7155531164887664,
            0.5097839631043471,
            0.41738241930286607,
            0.34642873665729124,
            0.288808059963313,
            0.2559008553817675,
            0.2186836785116753,
            0.19492725282907486,
            0.16186390642995957,
            0.15399086165737796,
            0.13763800732694664,
            0.1180175430105104,
            0.11852845230272838,
            0.10162876106121323,
            0.09521038438399117
        ],
        "val_loss": [
            0.7304732004801432,
            0.5025469031598833,
            0.41871606310208637,
            0.38379208246866864,
            0.3599679420391719,
            0.3507059183385637,
            0.34457048442628646,
            0.3390790455871158,
            0.33730072942045,
            0.33256759577327305,
            0.3210058311621348,
            0.3248284144534005,
            0.32771122952302295,
            0.3444419205188751,
            0.34181007577313316,
            0.35024334490299225
        ],
        "train_acc": [
            0.5344306857554944,
            0.7562197973201801,
            0.8322967004466366,
            0.8640563650564714,
            0.8881049907052672,
            0.905041905966672,
            0.9218844384342045,
            0.9351687555189256,
            0.9396424796674159,
            0.953327922077922,
            0.9539414071417475,
            0.9624641344144746,
            0.9673295454545454,
            0.9656070672072373,
            0.9720014720768123,
            0.9715909090909091
        ],
        "val_acc": [
            0.7491056389278836,
            0.8338594304190742,
            0.8564288748635186,
            0.8632680972417196,
            0.8683712151315477,
            0.8839962151315477,
            0.8893097639083862,
            0.8892045484648811,
            0.8822601040204366,
            0.8944128817982144,
            0.8893097639083862,
            0.8893097639083862,
            0.8926767706871033,
            0.8961489929093255,
            0.8978851040204366,
            0.8893097639083862
        ]
    },
    "model_2": {
        "time": [
            0.15465641021728516,
            0.15948987007141113,
            0.16221070289611816,
            0.16133332252502441,
            0.15829157829284668,
            0.16257953643798828,
            0.1621870994567871,
            0.14998459815979004,
            0.1536104679107666,
            0.162841796875,
            0.15117597579956055,
            0.1471385955810547,
            0.1482231616973877,
            0.14670276641845703
        ],
        "train_loss": [
            1.2404562691589454,
            0.7107758216269604,
            0.5116846557561453,
            0.4231866243984792,
            0.3538976956110496,
            0.29229402967861723,
            0.2554888537564835,
            0.22321172058582306,
            0.1895024444569241,
            0.17232740196314725,
            0.15597211646956283,
            0.13756679845127193,
            0.12696656188020458,
            0.11430044564140307
        ],
        "val_loss": [
            0.7276694377263387,
            0.5026930802398257,
            0.42138582468032837,
            0.38596147629949784,
            0.3628501643737157,
            0.34465601212448543,
            0.3453192396296395,
            0.3377423766586516,
            0.33589140077431995,
            0.33769725759824115,
            0.3369121601184209,
            0.3395377066400316,
            0.3391185849905014,
            0.3441588332255681
        ],
        "train_acc": [
            0.5279324596578424,
            0.7599762159508544,
            0.8315841137588799,
            0.8553307157058221,
            0.8821211488215954,
            0.9058535942783603,
            0.9198552176549837,
            0.9299022199271562,
            0.9441020457775562,
            0.947849025974026,
            0.9551542207792207,
            0.9610436798690202,
            0.9631720022721724,
            0.9694625866877569
        ],