{
    "test_loss": [
        0.2688305518587532,
        0.27058216658851986,
        0.2785855038544101,
        0.2719726614330126,
        0.27390311652665855
    ],
    "test_acc": [
        0.887292199579956,
        0.8855179028437875,
        0.8854539642858383,
        0.8873561381379051,
        0.8876118926745852
    ],
    "model_0": {
        "time": [
            8.184293985366821,
            7.9920713901519775,
            8.078163623809814,
            8.096190929412842,
            8.109828233718872,
            8.099080562591553,
            8.165967464447021,
            8.155719995498657,
            8.146876573562622
        ],
        "train_loss": [
            0.4570259121246636,
            0.31962329699573194,
            0.27264902846549044,
            0.2378488559148867,
            0.2094204146203331,
            0.18111870891880244,
            0.15722736089744352,
            0.14270725765858183,
            0.1292000827802853
        ],
        "val_loss": [
            0.31669967621564865,
            0.28293208219110966,
            0.27729210620746014,
            0.27050585141405464,
            0.27163242532406,
            0.2806527984444983,
            0.27634758935309944,
            0.2825876338640228,
            0.30316465701907874
        ],
        "train_acc": [
            0.7729738794944503,
            0.8646523832258853,
            0.8853130917996168,
            0.904523753137751,
            0.9191376656632532,
            0.9261117030612447,
            0.9393150252713398,
            0.9474037247286602,
            0.9524246369573203
        ],
        "val_acc": [
            0.86484375,
            0.876953125,
            0.880859375,
            0.883203125,
            0.88984375,
            0.883203125,
            0.883984375,
            0.89375,
            0.887890625
        ]
    },
    "model_1": {
        "time": [
            8.118038177490234,
            8.115809202194214,
            8.171907663345337,
            8.184645652770996,
            8.13401484489441,
            8.118958473205566,
            8.078311204910278,
            8.156483173370361,
            8.18649411201477,
            8.16522741317749
        ],
        "train_loss": [
            0.46118801794099534,
            0.3231606632047756,
            0.27677867316048255,
            0.23640337916599077,
            0.2101992455480451,
            0.18368798808660358,
            0.1598303964340382,
            0.1445254934951663,
            0.1291437086501074,
            0.11370386806613003
        ],
        "val_loss": [
            0.32020776644349097,
            0.2867935446090996,
            0.26899056704714897,
            0.2670190585311502,
            0.26532722683623433,
            0.28097016259562224,
            0.2786347687477246,
            0.2885465994419064,
            0.3003585414990084,
            0.3089819077285938
        ],
        "train_acc": [
            0.7744633838195693,
            0.8628324258395217,
            0.8852045849304307,
            0.9047259707003832,
            0.9178553110157902,
            0.9276406644758853,
            0.9383976483209566,
            0.9446663905612447,
            0.9515812420709566,
            0.958062065934593
        ],
        "val_acc": [
            0.8640625,
            0.876171875,
            0.88515625,
            0.88671875,
            0.890625,
            0.884375,
            0.888671875,
            0.888671875,
            0.884765625,
            0.886328125
        ]
    },
    "model_2": {
        "time": [
            8.087522983551025,
            8.118330717086792,
            8.194461107254028,
            8.15395736694336,
            8.165843486785889,
            8.154690265655518,
            8.168740034103394,
            8.196159601211548,
            8.138526201248169,
            8.088936805725098
        ],
        "train_loss": [
            0.4638026105663316,
            0.31997325872494414,
            0.2754477731968192,
            0.23846824784678491,
            0.21314475291662596,
            0.18420649607750503,
            0.1624751039569012,
            0.14508757639718664,
            0.12743726948445494,
            0.12131524200826375
        ],
        "val_loss": [
            0.3196311701089144,
            0.28538731280714275,
            0.2783982210792601,
            0.2747575328685343,
            0.27158353556878867,
            0.297251246124506,
            0.3019573087338358,
            0.28495082797016946,
            0.2989486269128975,
            0.30823814403265715
        ],
        "train_acc": [
            0.7710355508395217,
            0.8641986269503832,
            0.885480784387751,
            0.9028024383905259,
            0.9145359849049286,
            0.927418718453158,
            0.9368736190213398,
            0.9447650332003832,
            0.9524788905612447,
            0.954219933768565
        ],
        "val_acc": [
            0.866015625,
            0.878125,
            0.8765625,
            0.87890625,
            0.889453125,
            0.87734375,
            0.88125,
            0.88984375,
            0.88203125,
            0.878515625
        ]
    },
    "model_3": {
        "time": [
            8.072795629501343,
            8.15894627571106,
            8.08848237991333,
            8.196647882461548,
            8.090949535369873,
            8.153317213058472,
            8.104564428329468,
            8.03849983215332,
            8.09143853187561,
            8.122359991073608,
            8.126157760620117
        ],
        "train_loss": [
            0.46189327038485894,
            0.3205104134553535,
            0.2719840105538341,
            0.2380431402389976,
            0.20868947498754345,
            0.182804359736937,
            0.162980646582913,
            0.14496640808118338,
            0.1233980620322241,
            0.11656066112812948,
            0.10756428869684566
        ],
        "val_loss": [
            0.3115993235260248,
            0.28738942444324495,
            0.2755625176243484,
            0.2636282510589808,
            0.2653824150562286,
            0.2628966057905927,
            0.2747163322754204,
            0.2835606709355488,
            0.2981346007552929,
            0.3049504310591146,
            0.3167953609954566
        ],
        "train_acc": [
            0.7752426610412922,
            0.8641936948353593,
            0.8887754497541622,
            0.9025410354476083,
            0.9189305161549286,
            0.9298502604731105,
            0.936577690934593,
            0.9454456676136364,
            0.9535540957003832,
            0.9561631945385174,
            0.9615786774930629
        ],
        "val_acc": [
            0.86796875,
            0.88203125,
            0.88203125,
            0.884765625,
            0.881640625,
            0.890234375,
            0.883984375,
            0.885546875,
            0.8796875,
            0.885546875,
            0.890234375
        ]
    },
    "model_4": {
        "time": [
            8.03175163269043,
            8.114121675491333,
            8.089128732681274,
            8.098153591156006,
            8.152906894683838,
            8.10701608657837,
            8.093729972839355,
            8.057789325714111,
            8.107818841934204,
            8.01524829864502,
            8.044736862182617
        ],
        "train_loss": [
            0.4661271146667952,
            0.3184789620678533,
            0.27598237062127073,
            0.23874931246973574,
            0.2096092320597646,
            0.18449312799864195,
            0.16540992152030495,
            0.14588388924444604,
            0.1321582626763054,
            0.11471971709662201,
            0.10596153971379284
        ],