{
    "test_loss": [
        0.2527933091573093,
        0.25195187027268395,
        0.2546124447451528,
        0.2648985905529898,
        0.25558770507040535
    ],
    "test_acc": [
        0.8967870844294653,
        0.8965233376873728,
        0.8949488491353477,
        0.8891464194373402,
        0.8964673913348361
    ],
    "model_0": {
        "time": [
            17.689895391464233,
            17.66001057624817,
            17.428062200546265,
            17.646629810333252,
            17.39439344406128,
            17.603450536727905,
            17.680131912231445
        ],
        "train_loss": [
            0.4398234649138017,
            0.25034596320157027,
            0.15603190925056962,
            0.09055828272936527,
            0.05212656165663661,
            0.03334995910832235,
            0.024621920682958178
        ],
        "val_loss": [
            0.28613751865923404,
            0.25155893471091983,
            0.25237467531114816,
            0.2864759092219174,
            0.3356167230173014,
            0.4012412681244314,
            0.43039564015052745
        ],
        "train_acc": [
            0.7906111900440671,
            0.8979541508650238,
            0.9413470644503832,
            0.9672161064703356,
            0.9821752684021537,
            0.9894797585227273,
            0.9920543323863636
        ],
        "val_acc": [
            0.879296875,
            0.89453125,
            0.89609375,
            0.898828125,
            0.894921875,
            0.883984375,
            0.884765625
        ]
    },
    "model_1": {
        "time": [
            17.941309452056885,
            17.5407395362854,
            17.63877773284912,
            17.59743046760559,
            17.382616996765137,
            17.45476770401001,
            17.626030683517456
        ],
        "train_loss": [
            0.4407479601742869,
            0.25351250368509104,
            0.15940323992716995,
            0.09528826020488684,
            0.053598770215599376,
            0.03411323567574569,
            0.02425778745203967
        ],
        "val_loss": [
            0.2888739984482527,
            0.25110649671405555,
            0.2532166988356039,
            0.2786250118166208,
            0.3096286386717111,
            0.39121320908889173,
            0.43969195674872025
        ],
        "train_acc": [
            0.7843572443181818,
            0.8999615292996168,
            0.9407256155867468,
            0.9677833017300476,
            0.9828756312755021,
            0.9899335147982294,
            0.99267578125
        ],
        "val_acc": [
            0.879296875,
            0.892578125,
            0.901953125,
            0.896484375,
            0.90234375,
            0.88828125,
            0.88359375
        ]
    },
    "model_2": {
        "time": [
            17.653624296188354,
            17.6436448097229,
            17.664709329605103,
            17.518938302993774,
            17.675164222717285,
            17.489609479904175,
            17.4998939037323
        ],
        "train_loss": [
            0.43808403657749295,
            0.24965177766386082,
            0.15353415051305835,
            0.09296049996522594,
            0.053699932410381734,
            0.03086508706143253,
            0.0240317862639627
        ],
        "val_loss": [
            0.2919500768184662,
            0.25759431794285775,
            0.26771639548242093,
            0.2906169356778264,
            0.3558531176298857,
            0.38996657971292736,
            0.4556382206152193
        ],
        "train_acc": [
            0.7876223169944503,
            0.8985755997286602,
            0.9446565261618658,
            0.9675268309021537,
            0.9830087988891385,
            0.9908212988891385,
            0.9929421164772727
        ],
        "val_acc": [
            0.882421875,
            0.892578125,
            0.890234375,
            0.896875,
            0.894140625,
            0.891796875,
            0.887109375
        ]
    },
    "model_3": {
        "time": [
            17.63039207458496,
            17.527456998825073,
            17.560636043548584,
            17.54195785522461,
            17.431047916412354,
            17.555144548416138,
            17.386590003967285
        ],
        "train_loss": [
            0.43052145097912714,
            0.2446232618213716,
            0.15298015700483863,
            0.09000305009116842,
            0.05305646804679947,
            0.03259544992430496,
            0.02265238408455678
        ],
        "val_loss": [
            0.2832941494882107,
            0.25519814491271975,
            0.26091189198195935,
            0.29076469185529275,
            0.330700854875613,
            0.37328954007825815,
            0.42267123249439464
        ],
        "train_acc": [
            0.7922486584972251,
            0.901919586583972,
            0.9437539457258853,
            0.9684047505936839,
            0.9825106534090909,
            0.9898348721590909,
            0.9933416193181818
        ],
        "val_acc": [
            0.879296875,
            0.8921875,
            0.89609375,
            0.897265625,
            0.895703125,
            0.888671875,
            0.885546875
        ]
    },
    "model_4": {
        "time": [
            17.692691564559937,
            17.605910062789917,
            17.605798721313477,
            17.692108869552612,
            17.62528133392334,
            17.633168935775757,
            17.619206428527832
        ],
        "train_loss": [
            0.4431259937330403,
            0.2510771409989419,
            0.15771677773657508,
            0.09108080436073412,
            0.053588473788377916,
            0.033688500052614305,
            0.02307255751227124
        ],
        "val_loss": [
            0.2880388842895627,
            0.2481647901237011,
            0.2720231311861426,
            0.28784427219070496,
            0.33717232146300374,
            0.37961131939664483,
            0.42292844342882746
        ],
        "train_acc": [
            0.7834546638822014,
            0.9002525252713398,
            0.9410708649930629,
            0.9689719460227273,
            0.9828411064703356,
            0.9882368607954546,
            0.9932972301136364
        ],
        "val_acc": [
            0.880078125,
            0.8953125,
            0.889453125,
            0.897265625,
            0.89453125,
            0.88671875,
            0.891015625
        ]
    },
    "num_param": 7731386
}