{
    "test_loss": [
        0.41701440050684174,
        0.4234184704977891,
        0.41764761199211253,
        0.43987991994824904,
        0.43570057585321625
    ],
    "test_acc": [
        0.8255239293493074,
        0.8220682226378342,
        0.8220682226378342,
        0.8127043699396068,
        0.811831153672317
    ],
    "model_0": {
        "time": [
            9.638020992279053,
            9.55863881111145,
            9.562698602676392,
            9.57181715965271,
            9.580195188522339,
            9.574745893478394
        ],
        "train_loss": [
            0.2612032457037679,
            0.16066694758721467,
            0.12560929507113647,
            0.10703466752835988,
            0.09355323659883416,
            0.0843186904398792
        ],
        "val_loss": [
            0.45249481924942564,
            0.5015441839184079,
            0.5362481283290046,
            0.6218686934028353,
            0.6911325305700302,
            0.7015223566974912
        ],
        "train_acc": [
            0.898770972121256,
            0.9422808914913414,
            0.9555884530198389,
            0.9630920575844809,
            0.967606460492228,
            0.9706322862694301
        ],
        "val_acc": [
            0.8218750017029899,
            0.8191964285714286,
            0.8263392874172756,
            0.8122767848627908,
            0.796875,
            0.8089285705770765
        ]
    },
    "model_1": {
        "time": [
            9.626997947692871,
            9.599249362945557,
            9.584731340408325,
            9.612679481506348,
            9.633827686309814,
            9.622801303863525
        ],
        "train_loss": [
            0.2611302466184827,
            0.16116603745697694,
            0.12571815743444034,
            0.10521202552351869,
            0.09370307310380602,
            0.08422250666027079
        ],
        "val_loss": [
            0.44323386890547617,
            0.5255924005593572,
            0.5624816886016301,
            0.6128520156655993,
            0.6511943340301514,
            0.7152378793273654
        ],
        "train_acc": [
            0.8977888678176416,
            0.9425950877638678,
            0.955887710492228,
            0.9634317943700854,
            0.9674536994238592,
            0.9707484232560958
        ],
        "val_acc": [
            0.8066964277199337,
            0.8223214277199337,
            0.8113839285714286,
            0.796875,
            0.7964285739830562,
            0.8042410739830562
        ]
    },
    "model_2": {
        "time": [
            9.68422245979309,
            9.596334457397461,
            9.614018440246582,
            9.625463008880615,
            9.59107756614685,
            9.620911836624146
        ],
        "train_loss": [
            0.26141763276570124,
            0.16185209322045196,
            0.12476036617402084,
            0.1067792905097673,
            0.09472692101093617,
            0.08502464665496877
        ],
        "val_loss": [
            0.4340277026806559,
            0.5191016101411411,
            0.5453369298151561,
            0.5764117262193135,
            0.6775294776473727,
            0.733855835029057
        ],
        "train_acc": [
            0.8976168309005431,
            0.9420230770435358,
            0.956090106865285,
            0.962617389896373,
            0.9670749290851114,
            0.9706824034684063
        ],
        "val_acc": [
            0.8254464311259133,
            0.8109375025544848,
            0.8133928562913623,
            0.8122767848627908,
            0.8138392865657806,
            0.8037946437086377
        ]
    },
    "model_3": {
        "time": [
            9.573472261428833,
            9.59007716178894,
            9.666529178619385,
            9.667194128036499,
            9.69698166847229,
            9.678675174713135
        ],
        "train_loss": [
            0.2629410718553193,
            0.15988296847742225,
            0.12559762104399927,
            0.10695719606619464,
            0.09441669170872594,
            0.08322826319647389
        ],
        "val_loss": [
            0.44937306323221754,
            0.491788102047784,
            0.5557264419538634,
            0.5907806434801647,
            0.6476330246244159,
            0.7193897536822728
        ],
        "train_acc": [
            0.8977329678872089,
            0.94281194100417,
            0.9551234232560958,
            0.9626771450197141,
            0.9672166065462513,
            0.9708293818053186
        ],
        "val_acc": [
            0.804017858845847,
            0.822767857994352,
            0.8218750017029899,
            0.8133928562913623,
            0.807142857994352,
            0.7955357134342194
        ]
    },
    "model_4": {
        "time": [
            9.657935857772827,
            9.64923882484436,
            9.621469974517822,
            9.67258095741272,
            9.665773153305054,
            10.011114120483398
        ],
        "train_loss": [
            0.26298333442446636,
            0.159840038864164,
            0.1250822428478787,
            0.10645396358917414,
            0.09321811078224872,
            0.08461607208383785
        ],
        "val_loss": [
            0.44868497976234983,
            0.5304761443819318,
            0.5770391608987536,
            0.5674136706760952,
            0.6679720452853611,
            0.7559433834893363
        ],
        "train_acc": [
            0.897996565066471,
            0.942751703986541,
            0.9560640844965228,
            0.9629055638001373,
            0.9675606803804482,
            0.9707330025616705
        ],
        "val_acc": [
            0.8151785731315613,
            0.8174107159887042,
            0.8174107159887042,
            0.8046875,
            0.8029017874172756,
            0.7999999991485051
        ]
    },
    "num_param": 5187086
}