{
    "test_loss": [
        0.2714739644434303,
        0.29939549835398793,
        0.26660803286358714,
        0.33826589956879616,
        0.2898288485594094
    ],
    "test_acc": [
        0.9104567319154739,
        0.8889723569154739,
        0.9035456776618958,
        0.8572716414928436,
        0.8948317319154739
    ],
    "model_0": {
        "time": [
            0.4088561534881592,
            0.3836710453033447,
            0.3698005676269531,
            0.41572999954223633,
            0.38488030433654785,
            0.3716723918914795,
            0.40609145164489746,
            0.3822510242462158,
            0.3758513927459717,
            0.37166380882263184,
            0.374788761138916
        ],
        "train_loss": [
            1.2385110367428174,
            0.6084308554599811,
            0.38982768627730285,
            0.26534084279041786,
            0.17873920345461214,
            0.12520348955574748,
            0.09134441614151001,
            0.07188513800018019,
            0.048536481081762096,
            0.04089663503691554,
            0.03131684627045284
        ],
        "val_loss": [
            0.6735628412829505,
            0.43759886423746747,
            0.3715964588854048,
            0.34629303051365745,
            0.34681231280167896,
            0.3430875307983822,
            0.35606831643316483,
            0.3675292746888267,
            0.3864775564935472,
            0.41185416281223297,
            0.416492008500629
        ],
        "train_acc": [
            0.5363844006092517,
            0.8000368088870854,
            0.8753161809661172,
            0.9172219494720558,
            0.9505955522710626,
            0.9659090909090909,
            0.9735210282461983,
            0.9813358876612279,
            0.9912743506493507,
            0.9900568181818182,
            0.9943181818181818
        ],
        "val_acc": [
            0.7888257635964288,
            0.8512205415301852,
            0.8652146524853177,
            0.8634785413742065,
            0.8738952080408732,
            0.8792087568177117,
            0.8738952080408732,
            0.8738952080408732,
            0.8723695278167725,
            0.8688973055945503,
            0.8670559790399339
        ]
    },
    "model_1": {
        "time": [
            0.37700986862182617,
            0.38191699981689453,
            0.439328670501709,
            0.37327098846435547,
            0.37793684005737305,
            0.3787243366241455,
            0.36969423294067383,
            0.38236546516418457,
            0.3703029155731201,
            0.3656649589538574
        ],
        "train_loss": [
            1.2364335315568107,
            0.596512734502941,
            0.3951399597254666,
            0.26448195311543227,
            0.17817965469190053,
            0.12403717327427555,
            0.08829431574453007,
            0.07445940351137867,
            0.052396294697151555,
            0.04386534201973057
        ],
        "val_loss": [
            0.6750668121708764,
            0.4422316054503123,
            0.3620396587583754,
            0.3396986441479789,
            0.3263607985443539,
            0.3314370380507575,
            0.3436262607574463,
            0.3700019286738502,
            0.3784751411941316,
            0.398939934041765
        ],
        "train_acc": [
            0.5307308969559608,
            0.8079507699260464,
            0.8759343856340879,
            0.91903880973915,
            0.9504964514212175,
            0.9673295454545454,
            0.9766686798690202,
            0.9810291451293153,
            0.9864042207792207,
            0.9899577165578867
        ],
        "val_acc": [
            0.7750420901510451,
            0.8426452080408732,
            0.8634785413742065,
            0.870422985818651,
            0.8703177637524075,
            0.8722643123732673,
            0.8827861944834391,
            0.8774726457066007,
            0.8721590969297621,
            0.8723695278167725
        ]
    },
    "model_2": {
        "time": [
            0.3746950626373291,
            0.3844411373138428,
            0.38204455375671387,
            0.44579100608825684,
            0.37316250801086426,
            0.38117051124572754,
            0.3706650733947754,
            0.36843204498291016,
            0.3690347671508789,
            0.36536097526550293
        ],
        "train_loss": [
            1.2261437154435493,
            0.6086954985346112,
            0.38073631463112767,
            0.26423402943394403,
            0.18457494976071567,
            0.13325961350233523,
            0.09530298518283027,
            0.06843813145896058,
            0.05251670072411562,
            0.0407097480779925
        ],
        "val_loss": [
            0.661208579937617,
            0.4349352982309129,
            0.3761715243260066,
            0.34306075672308606,
            0.3363463050789303,
            0.3413512325949139,
            0.35634875297546387,
            0.3779054002629386,
            0.40554647313223946,
            0.409176798330413
        ],
        "train_acc": [
            0.5358369830366853,
            0.7971015177763902,
            0.8814038433037795,
            0.9169152069401432,
            0.9460274461027863,
            0.9586133345381006,
            0.9748376623376623,
            0.9837662337662337,
            0.988131417856588,
            0.992086038961039
        ],
        "val_acc": [
            0.7767782012621561,
            0.8406986527972751,
            0.8581649859746298,
            0.8668455415301852,
            0.8876788748635186,
            0.8808396524853177,
            0.8876788748635186,
            0.8773674302630954,
            0.8773674302630954,
            0.8738952080408732
        ]
    },
    "model_3": {
        "time": [
            0.378737211227417,
            0.37987327575683594,
            0.3756418228149414,
            0.3897221088409424,
            0.37881994247436523,
            0.3840658664703369,
            0.36998486518859863,
            0.37082862854003906,
            0.3683013916015625
        ],
        "train_loss": [
            1.217766567484125,
            0.5961535232407706,
            0.36727969309726316,
            0.24972041086717087,
            0.18355429453122152,
            0.12209737586317124,
            0.09322362898715905,
            0.06936460121401719,
            0.05018432681485043
        ],
        "val_loss": [
            0.6594024764166938,
            0.4191955029964447,
            0.3682938896947437,
            0.33011721240149605,
            0.33151013983620536,
            0.3388909051815669,
            0.3524939881430732,
            0.368668129046758,
            0.39093206491735244
        ],
        "train_acc": [
            0.5473374735999417,
            0.7986257927758353,
            0.8824137340892445,
            0.9221864613619718,
            0.9430874353879458,
            0.9660129113630815,
            0.9744318181818182,
            0.9846817425319127,
            0.9891460282461983
        ],
        "val_acc": [
            0.7990319861306084,
            0.8530618747075399,
            0.8720538748635186,
            0.877262208196852,
            0.8721590969297621,
            0.8809448679288229,
            0.8791035413742065,
            0.8670559790399339,
            0.8740004234843783
        ]
    },
    "model_4": {
        "time": [
            0.3783891201019287,
            0.376476526260376,
            0.37541913986206055,
            0.38218212127685547,
            0.3857839107513428,
            0.36789894104003906,
            0.40328431129455566,
            0.37037181854248047,
            0.3679778575897217,
            0.3699162006378174,
            0.3776366710662842
        ],