{
    "test_loss": [
        0.35705418679220924,
        0.35926982092446297,
        0.36178397464341133,
        0.3661728568118194,
        0.3733087433823224
    ],
    "test_acc": [
        0.8437314197934908,
        0.8395325500389625,
        0.8414647743619722,
        0.839198126875121,
        0.839198126875121
    ],
    "model_0": {
        "time": [
            59.45769667625427,
            59.46007800102234,
            59.05852150917053,
            58.90942859649658,
            59.22238326072693,
            59.01957941055298
        ],
        "train_loss": [
            0.24332961041499604,
            0.13649813087000826,
            0.09920756473722313,
            0.07856095903022263,
            0.06221041893900174,
            0.053696922515986435
        ],
        "val_loss": [
            0.4029971031205995,
            0.4482308030128479,
            0.49666745215654373,
            0.5505056264145034,
            0.5561562329530716,
            0.6505018674901554
        ],
        "train_acc": [
            0.904260732812585,
            0.9504827635430302,
            0.9645907545336787,
            0.9720895401554405,
            0.9782370890592046,
            0.9812580958549223
        ],
        "val_acc": [
            0.8252232159887042,
            0.8247767857142857,
            0.833482142005648,
            0.817857142005648,
            0.8212053562913623,
            0.8158482142857143
        ]
    },
    "model_1": {
        "time": [
            58.693368673324585,
            59.1330144405365,
            59.043816566467285,
            59.041943073272705,
            59.266589879989624,
            58.8715717792511
        ],
        "train_loss": [
            0.24233042393748316,
            0.13675283723742426,
            0.09815421686423315,
            0.07659816447406563,
            0.06334978812331951,
            0.05267877754447089
        ],
        "val_loss": [
            0.4101775980421475,
            0.45312293406043735,
            0.4592613290463175,
            0.5505756320697921,
            0.6272597291639873,
            0.6097872023071561
        ],
        "train_acc": [
            0.9050452596860229,
            0.9504480670384793,
            0.9648938671989762,
            0.9730706806704787,
            0.9780293918103752,
            0.9816575877638678
        ],
        "val_acc": [
            0.8330357159887042,
            0.8319196445601327,
            0.8370535714285714,
            0.8254464311259133,
            0.8176339311259133,
            0.8375000017029899
        ]
    },
    "model_2": {
        "time": [
            58.99733114242554,
            59.01643967628479,
            58.70815968513489,
            59.19550633430481,
            58.67970252037048,
            58.86223793029785
        ],
        "train_loss": [
            0.24205443400098253,
            0.13814761081391974,
            0.09888292176026484,
            0.07548056408498133,
            0.06265215273497751,
            0.053527262810390885
        ],
        "val_loss": [
            0.40386644112212317,
            0.4289100148848125,
            0.49323994879211697,
            0.5665873310395649,
            0.5725925202880587,
            0.6364798982228551
        ],
        "train_acc": [
            0.9053286146083026,
            0.9497449805699482,
            0.9646259329711218,
            0.9730557419089456,
            0.9778168756186654,
            0.9815462697586865
        ],
        "val_acc": [
            0.8470982142857143,
            0.8325892857142857,
            0.8287946454116276,
            0.8145089277199337,
            0.8200892848627908,
            0.8127232151372092
        ]
    },
    "model_3": {
        "time": [
            58.9054811000824,
            58.99273753166199,
            58.9123752117157,
            59.487529277801514,
            59.13457274436951,
            59.050851821899414
        ],
        "train_loss": [
            0.24213020119410722,
            0.1367719608318022,
            0.0988400364149883,
            0.07719659481355631,
            0.06270327315248979,
            0.05237888657903224
        ],
        "val_loss": [
            0.43252997206790106,
            0.4616105428763798,
            0.49742085060903,
            0.5397508261459214,
            0.6478809884616307,
            0.6284380384853908
        ],
        "train_acc": [
            0.9043214517245021,
            0.9498649727109183,
            0.9650360265544041,
            0.9728837049918472,
            0.9777108584892564,
            0.9814706120466321
        ],
        "val_acc": [
            0.8290178562913623,
            0.8229910731315613,
            0.8250000008514949,
            0.8292410714285714,
            0.8187500025544848,
            0.8319196445601327
        ]
    },
    "model_4": {
        "time": [
            58.84925842285156,
            59.10218644142151,
            59.062533378601074,
            59.23242425918579,
            59.258809328079224,
            59.25392270088196
        ],
        "train_loss": [
            0.24156804145386182,
            0.1371742551313916,
            0.09797620318692486,
            0.07629830640266587,
            0.06290299913464742,
            0.05315827935084476
        ],
        "val_loss": [
            0.43906310732875553,
            0.46934313646384646,
            0.49661100442920414,
            0.5625188297459057,
            0.7409635697092328,
            0.699335149356297
        ],
        "train_acc": [
            0.9054553533079093,
            0.9506201039555777,
            0.9649700068053186,
            0.9724379510768337,
            0.9774525621471627,
            0.9813992914217742
        ],
        "val_acc": [
            0.8229910731315613,
            0.8189732134342194,
            0.827455358845847,
            0.8381696428571429,
            0.8145089277199337,
            0.814955357994352
        ]
    },
    "num_param": 5532686
}